"YEAR","MH1","GENDER","RACE","Subgroup_Population"
2013,"Missing",1,1,3219
2013,"Missing",1,2,2485
2013,"Missing",1,3,59656
2013,"Missing",1,4,454
2013,"Missing",1,5,212125
2013,"Missing",1,6,24753
2013,"Missing",2,1,3595
2013,"Missing",2,2,2573
2013,"Missing",2,3,53523
2013,"Missing",2,4,420
2013,"Missing",2,5,206823
2013,"Missing",2,6,20657
2013,"Trauma/Stress-related Disorder",1,1,4058
2013,"Trauma/Stress-related Disorder",1,2,2961
2013,"Trauma/Stress-related Disorder",1,3,44764
2013,"Trauma/Stress-related Disorder",1,4,619
2013,"Trauma/Stress-related Disorder",1,5,159914
2013,"Trauma/Stress-related Disorder",1,6,29046
2013,"Trauma/Stress-related Disorder",2,1,6187
2013,"Trauma/Stress-related Disorder",2,2,4094
2013,"Trauma/Stress-related Disorder",2,3,56196
2013,"Trauma/Stress-related Disorder",2,4,928
2013,"Trauma/Stress-related Disorder",2,5,237159
2013,"Trauma/Stress-related Disorder",2,6,36024
2013,"Anxiety Disorder",1,1,1718
2013,"Anxiety Disorder",1,2,1318
2013,"Anxiety Disorder",1,3,13845
2013,"Anxiety Disorder",1,4,357
2013,"Anxiety Disorder",1,5,107827
2013,"Anxiety Disorder",1,6,14312
2013,"Anxiety Disorder",2,1,2690
2013,"Anxiety Disorder",2,2,1615
2013,"Anxiety Disorder",2,3,22142
2013,"Anxiety Disorder",2,4,462
2013,"Anxiety Disorder",2,5,159821
2013,"Anxiety Disorder",2,6,17636
2013,"ADHD",1,1,2890
2013,"ADHD",1,2,1382
2013,"ADHD",1,3,77322
2013,"ADHD",1,4,410
2013,"ADHD",1,5,175495
2013,"ADHD",1,6,31260
2013,"ADHD",2,1,1170
2013,"ADHD",2,2,401
2013,"ADHD",2,3,29510
2013,"ADHD",2,4,137
2013,"ADHD",2,5,73356
2013,"ADHD",2,6,10767
2013,"Conduct Disorder",1,1,898
2013,"Conduct Disorder",1,2,575
2013,"Conduct Disorder",1,3,25246
2013,"Conduct Disorder",1,4,216
2013,"Conduct Disorder",1,5,42589
2013,"Conduct Disorder",1,6,15545
2013,"Conduct Disorder",2,1,403
2013,"Conduct Disorder",2,2,181
2013,"Conduct Disorder",2,3,10901
2013,"Conduct Disorder",2,4,60
2013,"Conduct Disorder",2,5,18951
2013,"Conduct Disorder",2,6,5732
2013,"Delirium/Dementia",1,1,176
2013,"Delirium/Dementia",1,2,153
2013,"Delirium/Dementia",1,3,1969
2013,"Delirium/Dementia",1,4,67
2013,"Delirium/Dementia",1,5,8058
2013,"Delirium/Dementia",1,6,608
2013,"Delirium/Dementia",2,1,147
2013,"Delirium/Dementia",2,2,202
2013,"Delirium/Dementia",2,3,1812
2013,"Delirium/Dementia",2,4,68
2013,"Delirium/Dementia",2,5,9955
2013,"Delirium/Dementia",2,6,698
2013,"Bipolar Disorder",1,1,3252
2013,"Bipolar Disorder",1,2,2586
2013,"Bipolar Disorder",1,3,56669
2013,"Bipolar Disorder",1,4,823
2013,"Bipolar Disorder",1,5,245472
2013,"Bipolar Disorder",1,6,23379
2013,"Bipolar Disorder",2,1,4741
2013,"Bipolar Disorder",2,2,3236
2013,"Bipolar Disorder",2,3,77625
2013,"Bipolar Disorder",2,4,1148
2013,"Bipolar Disorder",2,5,348155
2013,"Bipolar Disorder",2,6,29595
2013,"Depressive Disorder",1,1,4732
2013,"Depressive Disorder",1,2,5642
2013,"Depressive Disorder",1,3,73752
2013,"Depressive Disorder",1,4,1078
2013,"Depressive Disorder",1,5,289699
2013,"Depressive Disorder",1,6,39086
2013,"Depressive Disorder",2,1,8947
2013,"Depressive Disorder",2,2,11060
2013,"Depressive Disorder",2,3,138175
2013,"Depressive Disorder",2,4,2057
2013,"Depressive Disorder",2,5,523033
2013,"Depressive Disorder",2,6,70552
2013,"Oppositional Defiant Disorder",1,1,990
2013,"Oppositional Defiant Disorder",1,2,350
2013,"Oppositional Defiant Disorder",1,3,22332
2013,"Oppositional Defiant Disorder",1,4,117
2013,"Oppositional Defiant Disorder",1,5,38568
2013,"Oppositional Defiant Disorder",1,6,9940
2013,"Oppositional Defiant Disorder",2,1,524
2013,"Oppositional Defiant Disorder",2,2,146
2013,"Oppositional Defiant Disorder",2,3,13016
2013,"Oppositional Defiant Disorder",2,4,58
2013,"Oppositional Defiant Disorder",2,5,20005
2013,"Oppositional Defiant Disorder",2,6,5141
2013,"Pervasive Developmental Disorders",1,1,394
2013,"Pervasive Developmental Disorders",1,2,634
2013,"Pervasive Developmental Disorders",1,3,4853
2013,"Pervasive Developmental Disorders",1,4,132
2013,"Pervasive Developmental Disorders",1,5,33866
2013,"Pervasive Developmental Disorders",1,6,4035
2013,"Pervasive Developmental Disorders",2,1,92
2013,"Pervasive Developmental Disorders",2,2,189
2013,"Pervasive Developmental Disorders",2,3,1144
2013,"Pervasive Developmental Disorders",2,4,39
2013,"Pervasive Developmental Disorders",2,5,8242
2013,"Pervasive Developmental Disorders",2,6,936
2013,"Personality Disorders",1,1,216
2013,"Personality Disorders",1,2,87
2013,"Personality Disorders",1,3,3052
2013,"Personality Disorders",1,4,35
2013,"Personality Disorders",1,5,8998
2013,"Personality Disorders",1,6,548
2013,"Personality Disorders",2,1,200
2013,"Personality Disorders",2,2,88
2013,"Personality Disorders",2,3,1897
2013,"Personality Disorders",2,4,40
2013,"Personality Disorders",2,5,12301
2013,"Personality Disorders",2,6,607
2013,"Schizophrenia or other Psychotic Disorders",1,1,3312
2013,"Schizophrenia or other Psychotic Disorders",1,2,8206
2013,"Schizophrenia or other Psychotic Disorders",1,3,116053
2013,"Schizophrenia or other Psychotic Disorders",1,4,1656
2013,"Schizophrenia or other Psychotic Disorders",1,5,193704
2013,"Schizophrenia or other Psychotic Disorders",1,6,26230
2013,"Schizophrenia or other Psychotic Disorders",2,1,2244
2013,"Schizophrenia or other Psychotic Disorders",2,2,6088
2013,"Schizophrenia or other Psychotic Disorders",2,3,75164
2013,"Schizophrenia or other Psychotic Disorders",2,4,1074
2013,"Schizophrenia or other Psychotic Disorders",2,5,127107
2013,"Schizophrenia or other Psychotic Disorders",2,6,14337
2013,"Alcohol/Substance Use Disorders",1,1,1166
2013,"Alcohol/Substance Use Disorders",1,2,628
2013,"Alcohol/Substance Use Disorders",1,3,24024
2013,"Alcohol/Substance Use Disorders",1,4,82
2013,"Alcohol/Substance Use Disorders",1,5,57366
2013,"Alcohol/Substance Use Disorders",1,6,9125
2013,"Alcohol/Substance Use Disorders",2,1,765
2013,"Alcohol/Substance Use Disorders",2,2,230
2013,"Alcohol/Substance Use Disorders",2,3,11983
2013,"Alcohol/Substance Use Disorders",2,4,46
2013,"Alcohol/Substance Use Disorders",2,5,41044
2013,"Alcohol/Substance Use Disorders",2,6,3225
2013,"Other Disorder/Condition",1,1,1506
2013,"Other Disorder/Condition",1,2,1371
2013,"Other Disorder/Condition",1,3,19186
2013,"Other Disorder/Condition",1,4,216
2013,"Other Disorder/Condition",1,5,59684
2013,"Other Disorder/Condition",1,6,16106
2013,"Other Disorder/Condition",2,1,1279
2013,"Other Disorder/Condition",2,2,1126
2013,"Other Disorder/Condition",2,3,12608
2013,"Other Disorder/Condition",2,4,148
2013,"Other Disorder/Condition",2,5,43562
2013,"Other Disorder/Condition",2,6,11353
2014,"Missing",1,1,3538
2014,"Missing",1,2,2673
2014,"Missing",1,3,67687
2014,"Missing",1,4,419
2014,"Missing",1,5,218539
2014,"Missing",1,6,27582
2014,"Missing",2,1,3914
2014,"Missing",2,2,2606
2014,"Missing",2,3,59615
2014,"Missing",2,4,417
2014,"Missing",2,5,218545
2014,"Missing",2,6,25002
2014,"Trauma/Stress-related Disorder",1,1,4753
2014,"Trauma/Stress-related Disorder",1,2,3188
2014,"Trauma/Stress-related Disorder",1,3,46893
2014,"Trauma/Stress-related Disorder",1,4,586
2014,"Trauma/Stress-related Disorder",1,5,159235
2014,"Trauma/Stress-related Disorder",1,6,28174
2014,"Trauma/Stress-related Disorder",2,1,7004
2014,"Trauma/Stress-related Disorder",2,2,4473
2014,"Trauma/Stress-related Disorder",2,3,58270
2014,"Trauma/Stress-related Disorder",2,4,773
2014,"Trauma/Stress-related Disorder",2,5,234381
2014,"Trauma/Stress-related Disorder",2,6,34203
2014,"Anxiety Disorder",1,1,2092
2014,"Anxiety Disorder",1,2,1634
2014,"Anxiety Disorder",1,3,15676
2014,"Anxiety Disorder",1,4,379
2014,"Anxiety Disorder",1,5,112229
2014,"Anxiety Disorder",1,6,16226
2014,"Anxiety Disorder",2,1,3171
2014,"Anxiety Disorder",2,2,2088
2014,"Anxiety Disorder",2,3,24255
2014,"Anxiety Disorder",2,4,441
2014,"Anxiety Disorder",2,5,164073
2014,"Anxiety Disorder",2,6,19766
2014,"ADHD",1,1,3176
2014,"ADHD",1,2,1326
2014,"ADHD",1,3,71204
2014,"ADHD",1,4,401
2014,"ADHD",1,5,167745
2014,"ADHD",1,6,26832
2014,"ADHD",2,1,1285
2014,"ADHD",2,2,440
2014,"ADHD",2,3,27539
2014,"ADHD",2,4,147
2014,"ADHD",2,5,71824
2014,"ADHD",2,6,9680
2014,"Conduct Disorder",1,1,956
2014,"Conduct Disorder",1,2,535
2014,"Conduct Disorder",1,3,24658
2014,"Conduct Disorder",1,4,200
2014,"Conduct Disorder",1,5,40700
2014,"Conduct Disorder",1,6,14551
2014,"Conduct Disorder",2,1,459
2014,"Conduct Disorder",2,2,182
2014,"Conduct Disorder",2,3,10599
2014,"Conduct Disorder",2,4,65
2014,"Conduct Disorder",2,5,18093
2014,"Conduct Disorder",2,6,5524
2014,"Delirium/Dementia",1,1,202
2014,"Delirium/Dementia",1,2,177
2014,"Delirium/Dementia",1,3,1966
2014,"Delirium/Dementia",1,4,67
2014,"Delirium/Dementia",1,5,7764
2014,"Delirium/Dementia",1,6,654
2014,"Delirium/Dementia",2,1,148
2014,"Delirium/Dementia",2,2,189
2014,"Delirium/Dementia",2,3,1809
2014,"Delirium/Dementia",2,4,52
2014,"Delirium/Dementia",2,5,9204
2014,"Delirium/Dementia",2,6,621
2014,"Bipolar Disorder",1,1,3558
2014,"Bipolar Disorder",1,2,2876
2014,"Bipolar Disorder",1,3,61105
2014,"Bipolar Disorder",1,4,798
2014,"Bipolar Disorder",1,5,249028
2014,"Bipolar Disorder",1,6,24350
2014,"Bipolar Disorder",2,1,5276
2014,"Bipolar Disorder",2,2,3461
2014,"Bipolar Disorder",2,3,81525
2014,"Bipolar Disorder",2,4,1181
2014,"Bipolar Disorder",2,5,348567
2014,"Bipolar Disorder",2,6,29442
2014,"Depressive Disorder",1,1,5424
2014,"Depressive Disorder",1,2,6504
2014,"Depressive Disorder",1,3,80625
2014,"Depressive Disorder",1,4,1022
2014,"Depressive Disorder",1,5,293615
2014,"Depressive Disorder",1,6,38648
2014,"Depressive Disorder",2,1,10351
2014,"Depressive Disorder",2,2,12785
2014,"Depressive Disorder",2,3,143479
2014,"Depressive Disorder",2,4,1975
2014,"Depressive Disorder",2,5,527870
2014,"Depressive Disorder",2,6,70767
2014,"Oppositional Defiant Disorder",1,1,1049
2014,"Oppositional Defiant Disorder",1,2,363
2014,"Oppositional Defiant Disorder",1,3,21368
2014,"Oppositional Defiant Disorder",1,4,131
2014,"Oppositional Defiant Disorder",1,5,36892
2014,"Oppositional Defiant Disorder",1,6,9795
2014,"Oppositional Defiant Disorder",2,1,531
2014,"Oppositional Defiant Disorder",2,2,145
2014,"Oppositional Defiant Disorder",2,3,12387
2014,"Oppositional Defiant Disorder",2,4,75
2014,"Oppositional Defiant Disorder",2,5,18753
2014,"Oppositional Defiant Disorder",2,6,4376
2014,"Pervasive Developmental Disorders",1,1,405
2014,"Pervasive Developmental Disorders",1,2,910
2014,"Pervasive Developmental Disorders",1,3,5715
2014,"Pervasive Developmental Disorders",1,4,179
2014,"Pervasive Developmental Disorders",1,5,38609
2014,"Pervasive Developmental Disorders",1,6,5575
2014,"Pervasive Developmental Disorders",2,1,100
2014,"Pervasive Developmental Disorders",2,2,250
2014,"Pervasive Developmental Disorders",2,3,1398
2014,"Pervasive Developmental Disorders",2,4,51
2014,"Pervasive Developmental Disorders",2,5,9260
2014,"Pervasive Developmental Disorders",2,6,1352
2014,"Personality Disorders",1,1,186
2014,"Personality Disorders",1,2,105
2014,"Personality Disorders",1,3,3220
2014,"Personality Disorders",1,4,21
2014,"Personality Disorders",1,5,9170
2014,"Personality Disorders",1,6,772
2014,"Personality Disorders",2,1,219
2014,"Personality Disorders",2,2,137
2014,"Personality Disorders",2,3,2006
2014,"Personality Disorders",2,4,41
2014,"Personality Disorders",2,5,12734
2014,"Personality Disorders",2,6,741
2014,"Schizophrenia or other Psychotic Disorders",1,1,3720
2014,"Schizophrenia or other Psychotic Disorders",1,2,8960
2014,"Schizophrenia or other Psychotic Disorders",1,3,122028
2014,"Schizophrenia or other Psychotic Disorders",1,4,1635
2014,"Schizophrenia or other Psychotic Disorders",1,5,200950
2014,"Schizophrenia or other Psychotic Disorders",1,6,26701
2014,"Schizophrenia or other Psychotic Disorders",2,1,2383
2014,"Schizophrenia or other Psychotic Disorders",2,2,6482
2014,"Schizophrenia or other Psychotic Disorders",2,3,76525
2014,"Schizophrenia or other Psychotic Disorders",2,4,1076
2014,"Schizophrenia or other Psychotic Disorders",2,5,128862
2014,"Schizophrenia or other Psychotic Disorders",2,6,14253
2014,"Alcohol/Substance Use Disorders",1,1,1276
2014,"Alcohol/Substance Use Disorders",1,2,794
2014,"Alcohol/Substance Use Disorders",1,3,25921
2014,"Alcohol/Substance Use Disorders",1,4,122
2014,"Alcohol/Substance Use Disorders",1,5,63956
2014,"Alcohol/Substance Use Disorders",1,6,12953
2014,"Alcohol/Substance Use Disorders",2,1,857
2014,"Alcohol/Substance Use Disorders",2,2,312
2014,"Alcohol/Substance Use Disorders",2,3,13901
2014,"Alcohol/Substance Use Disorders",2,4,71
2014,"Alcohol/Substance Use Disorders",2,5,47989
2014,"Alcohol/Substance Use Disorders",2,6,4851
2014,"Other Disorder/Condition",1,1,1666
2014,"Other Disorder/Condition",1,2,1495
2014,"Other Disorder/Condition",1,3,20247
2014,"Other Disorder/Condition",1,4,215
2014,"Other Disorder/Condition",1,5,62347
2014,"Other Disorder/Condition",1,6,16237
2014,"Other Disorder/Condition",2,1,1458
2014,"Other Disorder/Condition",2,2,1316
2014,"Other Disorder/Condition",2,3,13465
2014,"Other Disorder/Condition",2,4,133
2014,"Other Disorder/Condition",2,5,47439
2014,"Other Disorder/Condition",2,6,11764
2015,"Missing",1,1,3571
2015,"Missing",1,2,2918
2015,"Missing",1,3,62026
2015,"Missing",1,4,546
2015,"Missing",1,5,201939
2015,"Missing",1,6,26685
2015,"Missing",2,1,3872
2015,"Missing",2,2,2676
2015,"Missing",2,3,52100
2015,"Missing",2,4,473
2015,"Missing",2,5,205535
2015,"Missing",2,6,24017
2015,"Trauma/Stress-related Disorder",1,1,4757
2015,"Trauma/Stress-related Disorder",1,2,3140
2015,"Trauma/Stress-related Disorder",1,3,44633
2015,"Trauma/Stress-related Disorder",1,4,641
2015,"Trauma/Stress-related Disorder",1,5,150933
2015,"Trauma/Stress-related Disorder",1,6,26206
2015,"Trauma/Stress-related Disorder",2,1,7248
2015,"Trauma/Stress-related Disorder",2,2,4272
2015,"Trauma/Stress-related Disorder",2,3,53185
2015,"Trauma/Stress-related Disorder",2,4,869
2015,"Trauma/Stress-related Disorder",2,5,222198
2015,"Trauma/Stress-related Disorder",2,6,31786
2015,"Anxiety Disorder",1,1,2442
2015,"Anxiety Disorder",1,2,1793
2015,"Anxiety Disorder",1,3,16639
2015,"Anxiety Disorder",1,4,454
2015,"Anxiety Disorder",1,5,114539
2015,"Anxiety Disorder",1,6,16556
2015,"Anxiety Disorder",2,1,3641
2015,"Anxiety Disorder",2,2,2391
2015,"Anxiety Disorder",2,3,24665
2015,"Anxiety Disorder",2,4,562
2015,"Anxiety Disorder",2,5,166043
2015,"Anxiety Disorder",2,6,19599
2015,"ADHD",1,1,2773
2015,"ADHD",1,2,1188
2015,"ADHD",1,3,62578
2015,"ADHD",1,4,380
2015,"ADHD",1,5,134622
2015,"ADHD",1,6,19601
2015,"ADHD",2,1,1107
2015,"ADHD",2,2,375
2015,"ADHD",2,3,24514
2015,"ADHD",2,4,145
2015,"ADHD",2,5,58696
2015,"ADHD",2,6,6470
2015,"Conduct Disorder",1,1,825
2015,"Conduct Disorder",1,2,484
2015,"Conduct Disorder",1,3,20762
2015,"Conduct Disorder",1,4,221
2015,"Conduct Disorder",1,5,32676
2015,"Conduct Disorder",1,6,13250
2015,"Conduct Disorder",2,1,373
2015,"Conduct Disorder",2,2,153
2015,"Conduct Disorder",2,3,9041
2015,"Conduct Disorder",2,4,58
2015,"Conduct Disorder",2,5,14449
2015,"Conduct Disorder",2,6,4976
2015,"Delirium/Dementia",1,1,193
2015,"Delirium/Dementia",1,2,156
2015,"Delirium/Dementia",1,3,1618
2015,"Delirium/Dementia",1,4,62
2015,"Delirium/Dementia",1,5,6286
2015,"Delirium/Dementia",1,6,541
2015,"Delirium/Dementia",2,1,172
2015,"Delirium/Dementia",2,2,158
2015,"Delirium/Dementia",2,3,1353
2015,"Delirium/Dementia",2,4,54
2015,"Delirium/Dementia",2,5,6497
2015,"Delirium/Dementia",2,6,469
2015,"Bipolar Disorder",1,1,3212
2015,"Bipolar Disorder",1,2,2556
2015,"Bipolar Disorder",1,3,53226
2015,"Bipolar Disorder",1,4,817
2015,"Bipolar Disorder",1,5,211701
2015,"Bipolar Disorder",1,6,21202
2015,"Bipolar Disorder",2,1,4850
2015,"Bipolar Disorder",2,2,3194
2015,"Bipolar Disorder",2,3,69904
2015,"Bipolar Disorder",2,4,1116
2015,"Bipolar Disorder",2,5,294236
2015,"Bipolar Disorder",2,6,25667
2015,"Depressive Disorder",1,1,5600
2015,"Depressive Disorder",1,2,6353
2015,"Depressive Disorder",1,3,76249
2015,"Depressive Disorder",1,4,1045
2015,"Depressive Disorder",1,5,275192
2015,"Depressive Disorder",1,6,34301
2015,"Depressive Disorder",2,1,10550
2015,"Depressive Disorder",2,2,12236
2015,"Depressive Disorder",2,3,133667
2015,"Depressive Disorder",2,4,2176
2015,"Depressive Disorder",2,5,482527
2015,"Depressive Disorder",2,6,62409
2015,"Oppositional Defiant Disorder",1,1,945
2015,"Oppositional Defiant Disorder",1,2,321
2015,"Oppositional Defiant Disorder",1,3,19148
2015,"Oppositional Defiant Disorder",1,4,129
2015,"Oppositional Defiant Disorder",1,5,30307
2015,"Oppositional Defiant Disorder",1,6,8326
2015,"Oppositional Defiant Disorder",2,1,491
2015,"Oppositional Defiant Disorder",2,2,101
2015,"Oppositional Defiant Disorder",2,3,10742
2015,"Oppositional Defiant Disorder",2,4,56
2015,"Oppositional Defiant Disorder",2,5,15041
2015,"Oppositional Defiant Disorder",2,6,3540
2015,"Pervasive Developmental Disorders",1,1,372
2015,"Pervasive Developmental Disorders",1,2,618
2015,"Pervasive Developmental Disorders",1,3,3574
2015,"Pervasive Developmental Disorders",1,4,187
2015,"Pervasive Developmental Disorders",1,5,23779
2015,"Pervasive Developmental Disorders",1,6,3731
2015,"Pervasive Developmental Disorders",2,1,113
2015,"Pervasive Developmental Disorders",2,2,170
2015,"Pervasive Developmental Disorders",2,3,925
2015,"Pervasive Developmental Disorders",2,4,46
2015,"Pervasive Developmental Disorders",2,5,5779
2015,"Pervasive Developmental Disorders",2,6,900
2015,"Personality Disorders",1,1,217
2015,"Personality Disorders",1,2,98
2015,"Personality Disorders",1,3,3327
2015,"Personality Disorders",1,4,40
2015,"Personality Disorders",1,5,9071
2015,"Personality Disorders",1,6,774
2015,"Personality Disorders",2,1,235
2015,"Personality Disorders",2,2,121
2015,"Personality Disorders",2,3,2026
2015,"Personality Disorders",2,4,90
2015,"Personality Disorders",2,5,12572
2015,"Personality Disorders",2,6,797
2015,"Schizophrenia or other Psychotic Disorders",1,1,3455
2015,"Schizophrenia or other Psychotic Disorders",1,2,8462
2015,"Schizophrenia or other Psychotic Disorders",1,3,113002
2015,"Schizophrenia or other Psychotic Disorders",1,4,1633
2015,"Schizophrenia or other Psychotic Disorders",1,5,178160
2015,"Schizophrenia or other Psychotic Disorders",1,6,26396
2015,"Schizophrenia or other Psychotic Disorders",2,1,2335
2015,"Schizophrenia or other Psychotic Disorders",2,2,5985
2015,"Schizophrenia or other Psychotic Disorders",2,3,68993
2015,"Schizophrenia or other Psychotic Disorders",2,4,1020
2015,"Schizophrenia or other Psychotic Disorders",2,5,111391
2015,"Schizophrenia or other Psychotic Disorders",2,6,13746
2015,"Alcohol/Substance Use Disorders",1,1,1512
2015,"Alcohol/Substance Use Disorders",1,2,720
2015,"Alcohol/Substance Use Disorders",1,3,13252
2015,"Alcohol/Substance Use Disorders",1,4,154
2015,"Alcohol/Substance Use Disorders",1,5,39447
2015,"Alcohol/Substance Use Disorders",1,6,9501
2015,"Alcohol/Substance Use Disorders",2,1,914
2015,"Alcohol/Substance Use Disorders",2,2,260
2015,"Alcohol/Substance Use Disorders",2,3,6292
2015,"Alcohol/Substance Use Disorders",2,4,92
2015,"Alcohol/Substance Use Disorders",2,5,24103
2015,"Alcohol/Substance Use Disorders",2,6,3383
2015,"Other Disorder/Condition",1,1,1789
2015,"Other Disorder/Condition",1,2,1462
2015,"Other Disorder/Condition",1,3,19819
2015,"Other Disorder/Condition",1,4,335
2015,"Other Disorder/Condition",1,5,58833
2015,"Other Disorder/Condition",1,6,16143
2015,"Other Disorder/Condition",2,1,1641
2015,"Other Disorder/Condition",2,2,1374
2015,"Other Disorder/Condition",2,3,12680
2015,"Other Disorder/Condition",2,4,229
2015,"Other Disorder/Condition",2,5,45150
2015,"Other Disorder/Condition",2,6,11662
2016,"Missing",1,1,4722
2016,"Missing",1,2,5435
2016,"Missing",1,3,103181
2016,"Missing",1,4,523
2016,"Missing",1,5,287482
2016,"Missing",1,6,31785
2016,"Missing",2,1,5110
2016,"Missing",2,2,6270
2016,"Missing",2,3,100339
2016,"Missing",2,4,456
2016,"Missing",2,5,313830
2016,"Missing",2,6,31485
2016,"Trauma/Stress-related Disorder",1,1,5205
2016,"Trauma/Stress-related Disorder",1,2,3772
2016,"Trauma/Stress-related Disorder",1,3,44635
2016,"Trauma/Stress-related Disorder",1,4,740
2016,"Trauma/Stress-related Disorder",1,5,161276
2016,"Trauma/Stress-related Disorder",1,6,27716
2016,"Trauma/Stress-related Disorder",2,1,8241
2016,"Trauma/Stress-related Disorder",2,2,5231
2016,"Trauma/Stress-related Disorder",2,3,51879
2016,"Trauma/Stress-related Disorder",2,4,926
2016,"Trauma/Stress-related Disorder",2,5,234636
2016,"Trauma/Stress-related Disorder",2,6,33098
2016,"Anxiety Disorder",1,1,2651
2016,"Anxiety Disorder",1,2,2271
2016,"Anxiety Disorder",1,3,18331
2016,"Anxiety Disorder",1,4,601
2016,"Anxiety Disorder",1,5,129082
2016,"Anxiety Disorder",1,6,18266
2016,"Anxiety Disorder",2,1,4060
2016,"Anxiety Disorder",2,2,3202
2016,"Anxiety Disorder",2,3,26886
2016,"Anxiety Disorder",2,4,739
2016,"Anxiety Disorder",2,5,190604
2016,"Anxiety Disorder",2,6,22878
2016,"ADHD",1,1,2728
2016,"ADHD",1,2,1474
2016,"ADHD",1,3,67897
2016,"ADHD",1,4,450
2016,"ADHD",1,5,157611
2016,"ADHD",1,6,27031
2016,"ADHD",2,1,1112
2016,"ADHD",2,2,609
2016,"ADHD",2,3,26948
2016,"ADHD",2,4,160
2016,"ADHD",2,5,69963
2016,"ADHD",2,6,10209
2016,"Conduct Disorder",1,1,779
2016,"Conduct Disorder",1,2,524
2016,"Conduct Disorder",1,3,18465
2016,"Conduct Disorder",1,4,184
2016,"Conduct Disorder",1,5,32382
2016,"Conduct Disorder",1,6,12664
2016,"Conduct Disorder",2,1,324
2016,"Conduct Disorder",2,2,162
2016,"Conduct Disorder",2,3,7808
2016,"Conduct Disorder",2,4,57
2016,"Conduct Disorder",2,5,13770
2016,"Conduct Disorder",2,6,4771
2016,"Delirium/Dementia",1,1,106
2016,"Delirium/Dementia",1,2,168
2016,"Delirium/Dementia",1,3,1387
2016,"Delirium/Dementia",1,4,63
2016,"Delirium/Dementia",1,5,5228
2016,"Delirium/Dementia",1,6,448
2016,"Delirium/Dementia",2,1,107
2016,"Delirium/Dementia",2,2,146
2016,"Delirium/Dementia",2,3,1122
2016,"Delirium/Dementia",2,4,51
2016,"Delirium/Dementia",2,5,4882
2016,"Delirium/Dementia",2,6,360
2016,"Bipolar Disorder",1,1,2442
2016,"Bipolar Disorder",1,2,2353
2016,"Bipolar Disorder",1,3,43950
2016,"Bipolar Disorder",1,4,624
2016,"Bipolar Disorder",1,5,183655
2016,"Bipolar Disorder",1,6,20005
2016,"Bipolar Disorder",2,1,3868
2016,"Bipolar Disorder",2,2,3037
2016,"Bipolar Disorder",2,3,61960
2016,"Bipolar Disorder",2,4,1005
2016,"Bipolar Disorder",2,5,269771
2016,"Bipolar Disorder",2,6,24529
2016,"Depressive Disorder",1,1,5525
2016,"Depressive Disorder",1,2,6437
2016,"Depressive Disorder",1,3,76153
2016,"Depressive Disorder",1,4,1219
2016,"Depressive Disorder",1,5,283175
2016,"Depressive Disorder",1,6,37508
2016,"Depressive Disorder",2,1,10070
2016,"Depressive Disorder",2,2,12314
2016,"Depressive Disorder",2,3,129329
2016,"Depressive Disorder",2,4,2283
2016,"Depressive Disorder",2,5,494452
2016,"Depressive Disorder",2,6,69100
2016,"Oppositional Defiant Disorder",1,1,797
2016,"Oppositional Defiant Disorder",1,2,323
2016,"Oppositional Defiant Disorder",1,3,17343
2016,"Oppositional Defiant Disorder",1,4,142
2016,"Oppositional Defiant Disorder",1,5,32016
2016,"Oppositional Defiant Disorder",1,6,8568
2016,"Oppositional Defiant Disorder",2,1,401
2016,"Oppositional Defiant Disorder",2,2,133
2016,"Oppositional Defiant Disorder",2,3,9749
2016,"Oppositional Defiant Disorder",2,4,61
2016,"Oppositional Defiant Disorder",2,5,16066
2016,"Oppositional Defiant Disorder",2,6,3770
2016,"Pervasive Developmental Disorders",1,1,372
2016,"Pervasive Developmental Disorders",1,2,1128
2016,"Pervasive Developmental Disorders",1,3,6195
2016,"Pervasive Developmental Disorders",1,4,160
2016,"Pervasive Developmental Disorders",1,5,38196
2016,"Pervasive Developmental Disorders",1,6,5879
2016,"Pervasive Developmental Disorders",2,1,113
2016,"Pervasive Developmental Disorders",2,2,271
2016,"Pervasive Developmental Disorders",2,3,1455
2016,"Pervasive Developmental Disorders",2,4,38
2016,"Pervasive Developmental Disorders",2,5,9332
2016,"Pervasive Developmental Disorders",2,6,1341
2016,"Personality Disorders",1,1,221
2016,"Personality Disorders",1,2,193
2016,"Personality Disorders",1,3,4192
2016,"Personality Disorders",1,4,89
2016,"Personality Disorders",1,5,9996
2016,"Personality Disorders",1,6,1084
2016,"Personality Disorders",2,1,347
2016,"Personality Disorders",2,2,241
2016,"Personality Disorders",2,3,2269
2016,"Personality Disorders",2,4,184
2016,"Personality Disorders",2,5,14811
2016,"Personality Disorders",2,6,1176
2016,"Schizophrenia or other Psychotic Disorders",1,1,3504
2016,"Schizophrenia or other Psychotic Disorders",1,2,8554
2016,"Schizophrenia or other Psychotic Disorders",1,3,110039
2016,"Schizophrenia or other Psychotic Disorders",1,4,1665
2016,"Schizophrenia or other Psychotic Disorders",1,5,179539
2016,"Schizophrenia or other Psychotic Disorders",1,6,27153
2016,"Schizophrenia or other Psychotic Disorders",2,1,2307
2016,"Schizophrenia or other Psychotic Disorders",2,2,5867
2016,"Schizophrenia or other Psychotic Disorders",2,3,66028
2016,"Schizophrenia or other Psychotic Disorders",2,4,1043
2016,"Schizophrenia or other Psychotic Disorders",2,5,111204
2016,"Schizophrenia or other Psychotic Disorders",2,6,13745
2016,"Alcohol/Substance Use Disorders",1,1,1601
2016,"Alcohol/Substance Use Disorders",1,2,681
2016,"Alcohol/Substance Use Disorders",1,3,9512
2016,"Alcohol/Substance Use Disorders",1,4,469
2016,"Alcohol/Substance Use Disorders",1,5,38339
2016,"Alcohol/Substance Use Disorders",1,6,9205
2016,"Alcohol/Substance Use Disorders",2,1,1064
2016,"Alcohol/Substance Use Disorders",2,2,254
2016,"Alcohol/Substance Use Disorders",2,3,4580
2016,"Alcohol/Substance Use Disorders",2,4,401
2016,"Alcohol/Substance Use Disorders",2,5,27216
2016,"Alcohol/Substance Use Disorders",2,6,3288
2016,"Other Disorder/Condition",1,1,2034
2016,"Other Disorder/Condition",1,2,1897
2016,"Other Disorder/Condition",1,3,25955
2016,"Other Disorder/Condition",1,4,666
2016,"Other Disorder/Condition",1,5,82669
2016,"Other Disorder/Condition",1,6,18917
2016,"Other Disorder/Condition",2,1,1916
2016,"Other Disorder/Condition",2,2,1803
2016,"Other Disorder/Condition",2,3,18968
2016,"Other Disorder/Condition",2,4,544
2016,"Other Disorder/Condition",2,5,72461
2016,"Other Disorder/Condition",2,6,14469
2017,"Missing",1,1,4537
2017,"Missing",1,2,6372
2017,"Missing",1,3,89392
2017,"Missing",1,4,752
2017,"Missing",1,5,259660
2017,"Missing",1,6,40061
2017,"Missing",2,1,4705
2017,"Missing",2,2,6860
2017,"Missing",2,3,70128
2017,"Missing",2,4,679
2017,"Missing",2,5,248510
2017,"Missing",2,6,36702
2017,"Trauma/Stress-related Disorder",1,1,5863
2017,"Trauma/Stress-related Disorder",1,2,4151
2017,"Trauma/Stress-related Disorder",1,3,57411
2017,"Trauma/Stress-related Disorder",1,4,675
2017,"Trauma/Stress-related Disorder",1,5,187640
2017,"Trauma/Stress-related Disorder",1,6,34023
2017,"Trauma/Stress-related Disorder",2,1,8590
2017,"Trauma/Stress-related Disorder",2,2,5842
2017,"Trauma/Stress-related Disorder",2,3,66781
2017,"Trauma/Stress-related Disorder",2,4,901
2017,"Trauma/Stress-related Disorder",2,5,266589
2017,"Trauma/Stress-related Disorder",2,6,40288
2017,"Anxiety Disorder",1,1,3547
2017,"Anxiety Disorder",1,2,2879
2017,"Anxiety Disorder",1,3,22506
2017,"Anxiety Disorder",1,4,402
2017,"Anxiety Disorder",1,5,155088
2017,"Anxiety Disorder",1,6,20846
2017,"Anxiety Disorder",2,1,5384
2017,"Anxiety Disorder",2,2,4247
2017,"Anxiety Disorder",2,3,35379
2017,"Anxiety Disorder",2,4,609
2017,"Anxiety Disorder",2,5,237756
2017,"Anxiety Disorder",2,6,26487
2017,"ADHD",1,1,2701
2017,"ADHD",1,2,1726
2017,"ADHD",1,3,76003
2017,"ADHD",1,4,351
2017,"ADHD",1,5,171009
2017,"ADHD",1,6,33954
2017,"ADHD",2,1,1084
2017,"ADHD",2,2,609
2017,"ADHD",2,3,30153
2017,"ADHD",2,4,127
2017,"ADHD",2,5,75131
2017,"ADHD",2,6,11789
2017,"Conduct Disorder",1,1,661
2017,"Conduct Disorder",1,2,469
2017,"Conduct Disorder",1,3,19452
2017,"Conduct Disorder",1,4,148
2017,"Conduct Disorder",1,5,31268
2017,"Conduct Disorder",1,6,10371
2017,"Conduct Disorder",2,1,293
2017,"Conduct Disorder",2,2,140
2017,"Conduct Disorder",2,3,8001
2017,"Conduct Disorder",2,4,53
2017,"Conduct Disorder",2,5,12666
2017,"Conduct Disorder",2,6,3977
2017,"Delirium/Dementia",1,1,112
2017,"Delirium/Dementia",1,2,127
2017,"Delirium/Dementia",1,3,1536
2017,"Delirium/Dementia",1,4,10
2017,"Delirium/Dementia",1,5,5381
2017,"Delirium/Dementia",1,6,492
2017,"Delirium/Dementia",2,1,72
2017,"Delirium/Dementia",2,2,138
2017,"Delirium/Dementia",2,3,1259
2017,"Delirium/Dementia",2,4,9
2017,"Delirium/Dementia",2,5,5487
2017,"Delirium/Dementia",2,6,468
2017,"Bipolar Disorder",1,1,2267
2017,"Bipolar Disorder",1,2,2207
2017,"Bipolar Disorder",1,3,40761
2017,"Bipolar Disorder",1,4,346
2017,"Bipolar Disorder",1,5,174971
2017,"Bipolar Disorder",1,6,14747
2017,"Bipolar Disorder",2,1,3744
2017,"Bipolar Disorder",2,2,3280
2017,"Bipolar Disorder",2,3,62256
2017,"Bipolar Disorder",2,4,537
2017,"Bipolar Disorder",2,5,268439
2017,"Bipolar Disorder",2,6,21237
2017,"Depressive Disorder",1,1,6183
2017,"Depressive Disorder",1,2,6846
2017,"Depressive Disorder",1,3,85320
2017,"Depressive Disorder",1,4,856
2017,"Depressive Disorder",1,5,315463
2017,"Depressive Disorder",1,6,41676
2017,"Depressive Disorder",2,1,11285
2017,"Depressive Disorder",2,2,13412
2017,"Depressive Disorder",2,3,144811
2017,"Depressive Disorder",2,4,1500
2017,"Depressive Disorder",2,5,541880
2017,"Depressive Disorder",2,6,76566
2017,"Oppositional Defiant Disorder",1,1,884
2017,"Oppositional Defiant Disorder",1,2,343
2017,"Oppositional Defiant Disorder",1,3,19748
2017,"Oppositional Defiant Disorder",1,4,102
2017,"Oppositional Defiant Disorder",1,5,35619
2017,"Oppositional Defiant Disorder",1,6,9313
2017,"Oppositional Defiant Disorder",2,1,431
2017,"Oppositional Defiant Disorder",2,2,147
2017,"Oppositional Defiant Disorder",2,3,11393
2017,"Oppositional Defiant Disorder",2,4,37
2017,"Oppositional Defiant Disorder",2,5,17598
2017,"Oppositional Defiant Disorder",2,6,4436
2017,"Pervasive Developmental Disorders",1,1,325
2017,"Pervasive Developmental Disorders",1,2,984
2017,"Pervasive Developmental Disorders",1,3,6865
2017,"Pervasive Developmental Disorders",1,4,47
2017,"Pervasive Developmental Disorders",1,5,36892
2017,"Pervasive Developmental Disorders",1,6,6239
2017,"Pervasive Developmental Disorders",2,1,101
2017,"Pervasive Developmental Disorders",2,2,258
2017,"Pervasive Developmental Disorders",2,3,1632
2017,"Pervasive Developmental Disorders",2,4,20
2017,"Pervasive Developmental Disorders",2,5,9178
2017,"Pervasive Developmental Disorders",2,6,1428
2017,"Personality Disorders",1,1,264
2017,"Personality Disorders",1,2,144
2017,"Personality Disorders",1,3,5182
2017,"Personality Disorders",1,4,34
2017,"Personality Disorders",1,5,11309
2017,"Personality Disorders",1,6,1214
2017,"Personality Disorders",2,1,363
2017,"Personality Disorders",2,2,166
2017,"Personality Disorders",2,3,2701
2017,"Personality Disorders",2,4,34
2017,"Personality Disorders",2,5,17026
2017,"Personality Disorders",2,6,959
2017,"Schizophrenia or other Psychotic Disorders",1,1,4009
2017,"Schizophrenia or other Psychotic Disorders",1,2,9267
2017,"Schizophrenia or other Psychotic Disorders",1,3,128174
2017,"Schizophrenia or other Psychotic Disorders",1,4,1054
2017,"Schizophrenia or other Psychotic Disorders",1,5,206473
2017,"Schizophrenia or other Psychotic Disorders",1,6,32834
2017,"Schizophrenia or other Psychotic Disorders",2,1,2639
2017,"Schizophrenia or other Psychotic Disorders",2,2,6457
2017,"Schizophrenia or other Psychotic Disorders",2,3,76763
2017,"Schizophrenia or other Psychotic Disorders",2,4,645
2017,"Schizophrenia or other Psychotic Disorders",2,5,128488
2017,"Schizophrenia or other Psychotic Disorders",2,6,17542
2017,"Alcohol/Substance Use Disorders",1,1,2092
2017,"Alcohol/Substance Use Disorders",1,2,1750
2017,"Alcohol/Substance Use Disorders",1,3,11968
2017,"Alcohol/Substance Use Disorders",1,4,272
2017,"Alcohol/Substance Use Disorders",1,5,48226
2017,"Alcohol/Substance Use Disorders",1,6,14087
2017,"Alcohol/Substance Use Disorders",2,1,1332
2017,"Alcohol/Substance Use Disorders",2,2,804
2017,"Alcohol/Substance Use Disorders",2,3,5752
2017,"Alcohol/Substance Use Disorders",2,4,128
2017,"Alcohol/Substance Use Disorders",2,5,33619
2017,"Alcohol/Substance Use Disorders",2,6,6739
2017,"Other Disorder/Condition",1,1,2727
2017,"Other Disorder/Condition",1,2,2930
2017,"Other Disorder/Condition",1,3,40062
2017,"Other Disorder/Condition",1,4,347
2017,"Other Disorder/Condition",1,5,121049
2017,"Other Disorder/Condition",1,6,25945
2017,"Other Disorder/Condition",2,1,2679
2017,"Other Disorder/Condition",2,2,3072
2017,"Other Disorder/Condition",2,3,33352
2017,"Other Disorder/Condition",2,4,320
2017,"Other Disorder/Condition",2,5,114680
2017,"Other Disorder/Condition",2,6,23367
2018,"Missing",1,1,4752
2018,"Missing",1,2,6912
2018,"Missing",1,3,80826
2018,"Missing",1,4,777
2018,"Missing",1,5,232207
2018,"Missing",1,6,29418
2018,"Missing",2,1,4463
2018,"Missing",2,2,8168
2018,"Missing",2,3,63256
2018,"Missing",2,4,643
2018,"Missing",2,5,217624
2018,"Missing",2,6,25242
2018,"Trauma/Stress-related Disorder",1,1,6337
2018,"Trauma/Stress-related Disorder",1,2,4330
2018,"Trauma/Stress-related Disorder",1,3,61919
2018,"Trauma/Stress-related Disorder",1,4,1107
2018,"Trauma/Stress-related Disorder",1,5,200458
2018,"Trauma/Stress-related Disorder",1,6,39353
2018,"Trauma/Stress-related Disorder",2,1,9197
2018,"Trauma/Stress-related Disorder",2,2,6055
2018,"Trauma/Stress-related Disorder",2,3,70929
2018,"Trauma/Stress-related Disorder",2,4,1176
2018,"Trauma/Stress-related Disorder",2,5,281761
2018,"Trauma/Stress-related Disorder",2,6,46672
2018,"Anxiety Disorder",1,1,3920
2018,"Anxiety Disorder",1,2,3160
2018,"Anxiety Disorder",1,3,25031
2018,"Anxiety Disorder",1,4,613
2018,"Anxiety Disorder",1,5,169795
2018,"Anxiety Disorder",1,6,24849
2018,"Anxiety Disorder",2,1,6665
2018,"Anxiety Disorder",2,2,4755
2018,"Anxiety Disorder",2,3,39054
2018,"Anxiety Disorder",2,4,951
2018,"Anxiety Disorder",2,5,269516
2018,"Anxiety Disorder",2,6,33207
2018,"ADHD",1,1,3129
2018,"ADHD",1,2,2232
2018,"ADHD",1,3,78117
2018,"ADHD",1,4,533
2018,"ADHD",1,5,185398
2018,"ADHD",1,6,36068
2018,"ADHD",2,1,1244
2018,"ADHD",2,2,835
2018,"ADHD",2,3,30676
2018,"ADHD",2,4,225
2018,"ADHD",2,5,80412
2018,"ADHD",2,6,12210
2018,"Conduct Disorder",1,1,650
2018,"Conduct Disorder",1,2,477
2018,"Conduct Disorder",1,3,17938
2018,"Conduct Disorder",1,4,180
2018,"Conduct Disorder",1,5,29425
2018,"Conduct Disorder",1,6,9017
2018,"Conduct Disorder",2,1,269
2018,"Conduct Disorder",2,2,163
2018,"Conduct Disorder",2,3,7301
2018,"Conduct Disorder",2,4,59
2018,"Conduct Disorder",2,5,11664
2018,"Conduct Disorder",2,6,3276
2018,"Delirium/Dementia",1,1,156
2018,"Delirium/Dementia",1,2,134
2018,"Delirium/Dementia",1,3,1631
2018,"Delirium/Dementia",1,4,12
2018,"Delirium/Dementia",1,5,5546
2018,"Delirium/Dementia",1,6,620
2018,"Delirium/Dementia",2,1,124
2018,"Delirium/Dementia",2,2,147
2018,"Delirium/Dementia",2,3,1330
2018,"Delirium/Dementia",2,4,17
2018,"Delirium/Dementia",2,5,5462
2018,"Delirium/Dementia",2,6,678
2018,"Bipolar Disorder",1,1,2196
2018,"Bipolar Disorder",1,2,2371
2018,"Bipolar Disorder",1,3,40320
2018,"Bipolar Disorder",1,4,415
2018,"Bipolar Disorder",1,5,171766
2018,"Bipolar Disorder",1,6,16093
2018,"Bipolar Disorder",2,1,3813
2018,"Bipolar Disorder",2,2,3568
2018,"Bipolar Disorder",2,3,62792
2018,"Bipolar Disorder",2,4,582
2018,"Bipolar Disorder",2,5,265987
2018,"Bipolar Disorder",2,6,24243
2018,"Depressive Disorder",1,1,6852
2018,"Depressive Disorder",1,2,7692
2018,"Depressive Disorder",1,3,92029
2018,"Depressive Disorder",1,4,1105
2018,"Depressive Disorder",1,5,337094
2018,"Depressive Disorder",1,6,49730
2018,"Depressive Disorder",2,1,12187
2018,"Depressive Disorder",2,2,14819
2018,"Depressive Disorder",2,3,154052
2018,"Depressive Disorder",2,4,1964
2018,"Depressive Disorder",2,5,571958
2018,"Depressive Disorder",2,6,89133
2018,"Oppositional Defiant Disorder",1,1,872
2018,"Oppositional Defiant Disorder",1,2,385
2018,"Oppositional Defiant Disorder",1,3,19278
2018,"Oppositional Defiant Disorder",1,4,126
2018,"Oppositional Defiant Disorder",1,5,37057
2018,"Oppositional Defiant Disorder",1,6,10397
2018,"Oppositional Defiant Disorder",2,1,391
2018,"Oppositional Defiant Disorder",2,2,165
2018,"Oppositional Defiant Disorder",2,3,10945
2018,"Oppositional Defiant Disorder",2,4,37
2018,"Oppositional Defiant Disorder",2,5,17629
2018,"Oppositional Defiant Disorder",2,6,4561
2018,"Pervasive Developmental Disorders",1,1,448
2018,"Pervasive Developmental Disorders",1,2,1162
2018,"Pervasive Developmental Disorders",1,3,7169
2018,"Pervasive Developmental Disorders",1,4,69
2018,"Pervasive Developmental Disorders",1,5,36809
2018,"Pervasive Developmental Disorders",1,6,6340
2018,"Pervasive Developmental Disorders",2,1,110
2018,"Pervasive Developmental Disorders",2,2,280
2018,"Pervasive Developmental Disorders",2,3,1727
2018,"Pervasive Developmental Disorders",2,4,21
2018,"Pervasive Developmental Disorders",2,5,8967
2018,"Pervasive Developmental Disorders",2,6,1499
2018,"Personality Disorders",1,1,294
2018,"Personality Disorders",1,2,170
2018,"Personality Disorders",1,3,5751
2018,"Personality Disorders",1,4,27
2018,"Personality Disorders",1,5,12116
2018,"Personality Disorders",1,6,1468
2018,"Personality Disorders",2,1,386
2018,"Personality Disorders",2,2,267
2018,"Personality Disorders",2,3,3344
2018,"Personality Disorders",2,4,44
2018,"Personality Disorders",2,5,17973
2018,"Personality Disorders",2,6,1219
2018,"Schizophrenia or other Psychotic Disorders",1,1,4330
2018,"Schizophrenia or other Psychotic Disorders",1,2,10318
2018,"Schizophrenia or other Psychotic Disorders",1,3,135648
2018,"Schizophrenia or other Psychotic Disorders",1,4,1167
2018,"Schizophrenia or other Psychotic Disorders",1,5,214496
2018,"Schizophrenia or other Psychotic Disorders",1,6,40188
2018,"Schizophrenia or other Psychotic Disorders",2,1,2836
2018,"Schizophrenia or other Psychotic Disorders",2,2,7351
2018,"Schizophrenia or other Psychotic Disorders",2,3,80758
2018,"Schizophrenia or other Psychotic Disorders",2,4,742
2018,"Schizophrenia or other Psychotic Disorders",2,5,132132
2018,"Schizophrenia or other Psychotic Disorders",2,6,21443
2018,"Alcohol/Substance Use Disorders",1,1,3508
2018,"Alcohol/Substance Use Disorders",1,2,1601
2018,"Alcohol/Substance Use Disorders",1,3,14005
2018,"Alcohol/Substance Use Disorders",1,4,328
2018,"Alcohol/Substance Use Disorders",1,5,54347
2018,"Alcohol/Substance Use Disorders",1,6,16089
2018,"Alcohol/Substance Use Disorders",2,1,1967
2018,"Alcohol/Substance Use Disorders",2,2,634
2018,"Alcohol/Substance Use Disorders",2,3,6885
2018,"Alcohol/Substance Use Disorders",2,4,158
2018,"Alcohol/Substance Use Disorders",2,5,37730
2018,"Alcohol/Substance Use Disorders",2,6,8361
2018,"Other Disorder/Condition",1,1,4363
2018,"Other Disorder/Condition",1,2,3378
2018,"Other Disorder/Condition",1,3,44201
2018,"Other Disorder/Condition",1,4,456
2018,"Other Disorder/Condition",1,5,145118
2018,"Other Disorder/Condition",1,6,30380
2018,"Other Disorder/Condition",2,1,3692
2018,"Other Disorder/Condition",2,2,3357
2018,"Other Disorder/Condition",2,3,37801
2018,"Other Disorder/Condition",2,4,443
2018,"Other Disorder/Condition",2,5,134297
2018,"Other Disorder/Condition",2,6,27017
2019,"Missing",1,1,3874
2019,"Missing",1,2,6371
2019,"Missing",1,3,81208
2019,"Missing",1,4,979
2019,"Missing",1,5,222350
2019,"Missing",1,6,35224
2019,"Missing",2,1,4106
2019,"Missing",2,2,6469
2019,"Missing",2,3,65012
2019,"Missing",2,4,878
2019,"Missing",2,5,214928
2019,"Missing",2,6,30423
2019,"Trauma/Stress-related Disorder",1,1,7917
2019,"Trauma/Stress-related Disorder",1,2,4517
2019,"Trauma/Stress-related Disorder",1,3,69510
2019,"Trauma/Stress-related Disorder",1,4,1082
2019,"Trauma/Stress-related Disorder",1,5,217320
2019,"Trauma/Stress-related Disorder",1,6,42980
2019,"Trauma/Stress-related Disorder",2,1,11769
2019,"Trauma/Stress-related Disorder",2,2,6021
2019,"Trauma/Stress-related Disorder",2,3,79509
2019,"Trauma/Stress-related Disorder",2,4,1358
2019,"Trauma/Stress-related Disorder",2,5,305046
2019,"Trauma/Stress-related Disorder",2,6,51492
2019,"Anxiety Disorder",1,1,5067
2019,"Anxiety Disorder",1,2,3244
2019,"Anxiety Disorder",1,3,28376
2019,"Anxiety Disorder",1,4,696
2019,"Anxiety Disorder",1,5,180650
2019,"Anxiety Disorder",1,6,27276
2019,"Anxiety Disorder",2,1,8843
2019,"Anxiety Disorder",2,2,4875
2019,"Anxiety Disorder",2,3,44647
2019,"Anxiety Disorder",2,4,954
2019,"Anxiety Disorder",2,5,295787
2019,"Anxiety Disorder",2,6,37635
2019,"ADHD",1,1,2905
2019,"ADHD",1,2,1981
2019,"ADHD",1,3,76681
2019,"ADHD",1,4,492
2019,"ADHD",1,5,170235
2019,"ADHD",1,6,34278
2019,"ADHD",2,1,1190
2019,"ADHD",2,2,727
2019,"ADHD",2,3,30630
2019,"ADHD",2,4,187
2019,"ADHD",2,5,75466
2019,"ADHD",2,6,11584
2019,"Conduct Disorder",1,1,621
2019,"Conduct Disorder",1,2,445
2019,"Conduct Disorder",1,3,17807
2019,"Conduct Disorder",1,4,220
2019,"Conduct Disorder",1,5,28246
2019,"Conduct Disorder",1,6,8284
2019,"Conduct Disorder",2,1,241
2019,"Conduct Disorder",2,2,129
2019,"Conduct Disorder",2,3,7053
2019,"Conduct Disorder",2,4,47
2019,"Conduct Disorder",2,5,10957
2019,"Conduct Disorder",2,6,2864
2019,"Delirium/Dementia",1,1,179
2019,"Delirium/Dementia",1,2,138
2019,"Delirium/Dementia",1,3,1511
2019,"Delirium/Dementia",1,4,21
2019,"Delirium/Dementia",1,5,5295
2019,"Delirium/Dementia",1,6,531
2019,"Delirium/Dementia",2,1,142
2019,"Delirium/Dementia",2,2,172
2019,"Delirium/Dementia",2,3,1218
2019,"Delirium/Dementia",2,4,24
2019,"Delirium/Dementia",2,5,5636
2019,"Delirium/Dementia",2,6,548
2019,"Bipolar Disorder",1,1,2208
2019,"Bipolar Disorder",1,2,2118
2019,"Bipolar Disorder",1,3,40966
2019,"Bipolar Disorder",1,4,358
2019,"Bipolar Disorder",1,5,160371
2019,"Bipolar Disorder",1,6,16001
2019,"Bipolar Disorder",2,1,3775
2019,"Bipolar Disorder",2,2,2964
2019,"Bipolar Disorder",2,3,63641
2019,"Bipolar Disorder",2,4,569
2019,"Bipolar Disorder",2,5,248888
2019,"Bipolar Disorder",2,6,23959
2019,"Depressive Disorder",1,1,7576
2019,"Depressive Disorder",1,2,7711
2019,"Depressive Disorder",1,3,100193
2019,"Depressive Disorder",1,4,1269
2019,"Depressive Disorder",1,5,337456
2019,"Depressive Disorder",1,6,53811
2019,"Depressive Disorder",2,1,13546
2019,"Depressive Disorder",2,2,14439
2019,"Depressive Disorder",2,3,163843
2019,"Depressive Disorder",2,4,2168
2019,"Depressive Disorder",2,5,562123
2019,"Depressive Disorder",2,6,95174
2019,"Oppositional Defiant Disorder",1,1,798
2019,"Oppositional Defiant Disorder",1,2,386
2019,"Oppositional Defiant Disorder",1,3,19309
2019,"Oppositional Defiant Disorder",1,4,130
2019,"Oppositional Defiant Disorder",1,5,35465
2019,"Oppositional Defiant Disorder",1,6,10224
2019,"Oppositional Defiant Disorder",2,1,403
2019,"Oppositional Defiant Disorder",2,2,159
2019,"Oppositional Defiant Disorder",2,3,10929
2019,"Oppositional Defiant Disorder",2,4,38
2019,"Oppositional Defiant Disorder",2,5,16718
2019,"Oppositional Defiant Disorder",2,6,4532
2019,"Pervasive Developmental Disorders",1,1,397
2019,"Pervasive Developmental Disorders",1,2,931
2019,"Pervasive Developmental Disorders",1,3,6668
2019,"Pervasive Developmental Disorders",1,4,72
2019,"Pervasive Developmental Disorders",1,5,29195
2019,"Pervasive Developmental Disorders",1,6,5735
2019,"Pervasive Developmental Disorders",2,1,106
2019,"Pervasive Developmental Disorders",2,2,225
2019,"Pervasive Developmental Disorders",2,3,1581
2019,"Pervasive Developmental Disorders",2,4,32
2019,"Pervasive Developmental Disorders",2,5,7481
2019,"Pervasive Developmental Disorders",2,6,1427
2019,"Personality Disorders",1,1,314
2019,"Personality Disorders",1,2,146
2019,"Personality Disorders",1,3,5984
2019,"Personality Disorders",1,4,28
2019,"Personality Disorders",1,5,12077
2019,"Personality Disorders",1,6,1499
2019,"Personality Disorders",2,1,403
2019,"Personality Disorders",2,2,230
2019,"Personality Disorders",2,3,3712
2019,"Personality Disorders",2,4,35
2019,"Personality Disorders",2,5,19198
2019,"Personality Disorders",2,6,1349
2019,"Schizophrenia or other Psychotic Disorders",1,1,4374
2019,"Schizophrenia or other Psychotic Disorders",1,2,10179
2019,"Schizophrenia or other Psychotic Disorders",1,3,133077
2019,"Schizophrenia or other Psychotic Disorders",1,4,1245
2019,"Schizophrenia or other Psychotic Disorders",1,5,201767
2019,"Schizophrenia or other Psychotic Disorders",1,6,41495
2019,"Schizophrenia or other Psychotic Disorders",2,1,2848
2019,"Schizophrenia or other Psychotic Disorders",2,2,7221
2019,"Schizophrenia or other Psychotic Disorders",2,3,79213
2019,"Schizophrenia or other Psychotic Disorders",2,4,793
2019,"Schizophrenia or other Psychotic Disorders",2,5,123405
2019,"Schizophrenia or other Psychotic Disorders",2,6,21958
2019,"Alcohol/Substance Use Disorders",1,1,5298
2019,"Alcohol/Substance Use Disorders",1,2,1651
2019,"Alcohol/Substance Use Disorders",1,3,14628
2019,"Alcohol/Substance Use Disorders",1,4,458
2019,"Alcohol/Substance Use Disorders",1,5,62624
2019,"Alcohol/Substance Use Disorders",1,6,16260
2019,"Alcohol/Substance Use Disorders",2,1,3116
2019,"Alcohol/Substance Use Disorders",2,2,674
2019,"Alcohol/Substance Use Disorders",2,3,7511
2019,"Alcohol/Substance Use Disorders",2,4,229
2019,"Alcohol/Substance Use Disorders",2,5,43709
2019,"Alcohol/Substance Use Disorders",2,6,9031
2019,"Other Disorder/Condition",1,1,4952
2019,"Other Disorder/Condition",1,2,3203
2019,"Other Disorder/Condition",1,3,45429
2019,"Other Disorder/Condition",1,4,482
2019,"Other Disorder/Condition",1,5,150516
2019,"Other Disorder/Condition",1,6,30032
2019,"Other Disorder/Condition",2,1,4296
2019,"Other Disorder/Condition",2,2,3154
2019,"Other Disorder/Condition",2,3,38590
2019,"Other Disorder/Condition",2,4,474
2019,"Other Disorder/Condition",2,5,137382
2019,"Other Disorder/Condition",2,6,26792
2020,"Missing",1,1,6051
2020,"Missing",1,2,7512
2020,"Missing",1,3,96475
2020,"Missing",1,4,1309
2020,"Missing",1,5,294430
2020,"Missing",1,6,40324
2020,"Missing",2,1,6958
2020,"Missing",2,2,7894
2020,"Missing",2,3,75619
2020,"Missing",2,4,1360
2020,"Missing",2,5,288673
2020,"Missing",2,6,37043
2020,"Trauma/Stress-related Disorder",1,1,9947
2020,"Trauma/Stress-related Disorder",1,2,4312
2020,"Trauma/Stress-related Disorder",1,3,68157
2020,"Trauma/Stress-related Disorder",1,4,1030
2020,"Trauma/Stress-related Disorder",1,5,220381
2020,"Trauma/Stress-related Disorder",1,6,45711
2020,"Trauma/Stress-related Disorder",2,1,14540
2020,"Trauma/Stress-related Disorder",2,2,5982
2020,"Trauma/Stress-related Disorder",2,3,75633
2020,"Trauma/Stress-related Disorder",2,4,1398
2020,"Trauma/Stress-related Disorder",2,5,312768
2020,"Trauma/Stress-related Disorder",2,6,57110
2020,"Anxiety Disorder",1,1,6455
2020,"Anxiety Disorder",1,2,3185
2020,"Anxiety Disorder",1,3,27937
2020,"Anxiety Disorder",1,4,732
2020,"Anxiety Disorder",1,5,189071
2020,"Anxiety Disorder",1,6,29936
2020,"Anxiety Disorder",2,1,10932
2020,"Anxiety Disorder",2,2,5244
2020,"Anxiety Disorder",2,3,43370
2020,"Anxiety Disorder",2,4,1104
2020,"Anxiety Disorder",2,5,312031
2020,"Anxiety Disorder",2,6,43358
2020,"ADHD",1,1,4115
2020,"ADHD",1,2,2098
2020,"ADHD",1,3,68666
2020,"ADHD",1,4,510
2020,"ADHD",1,5,170229
2020,"ADHD",1,6,35108
2020,"ADHD",2,1,1661
2020,"ADHD",2,2,782
2020,"ADHD",2,3,26673
2020,"ADHD",2,4,207
2020,"ADHD",2,5,76122
2020,"ADHD",2,6,12114
2020,"Conduct Disorder",1,1,847
2020,"Conduct Disorder",1,2,455
2020,"Conduct Disorder",1,3,15096
2020,"Conduct Disorder",1,4,160
2020,"Conduct Disorder",1,5,27759
2020,"Conduct Disorder",1,6,7889
2020,"Conduct Disorder",2,1,331
2020,"Conduct Disorder",2,2,137
2020,"Conduct Disorder",2,3,5917
2020,"Conduct Disorder",2,4,44
2020,"Conduct Disorder",2,5,10711
2020,"Conduct Disorder",2,6,2706
2020,"Delirium/Dementia",1,1,295
2020,"Delirium/Dementia",1,2,144
2020,"Delirium/Dementia",1,3,1367
2020,"Delirium/Dementia",1,4,21
2020,"Delirium/Dementia",1,5,5495
2020,"Delirium/Dementia",1,6,493
2020,"Delirium/Dementia",2,1,399
2020,"Delirium/Dementia",2,2,187
2020,"Delirium/Dementia",2,3,1114
2020,"Delirium/Dementia",2,4,22
2020,"Delirium/Dementia",2,5,6242
2020,"Delirium/Dementia",2,6,497
2020,"Bipolar Disorder",1,1,2541
2020,"Bipolar Disorder",1,2,2066
2020,"Bipolar Disorder",1,3,39469
2020,"Bipolar Disorder",1,4,402
2020,"Bipolar Disorder",1,5,163229
2020,"Bipolar Disorder",1,6,17026
2020,"Bipolar Disorder",2,1,4314
2020,"Bipolar Disorder",2,2,3042
2020,"Bipolar Disorder",2,3,60591
2020,"Bipolar Disorder",2,4,591
2020,"Bipolar Disorder",2,5,255739
2020,"Bipolar Disorder",2,6,25546
2020,"Depressive Disorder",1,1,9592
2020,"Depressive Disorder",1,2,7611
2020,"Depressive Disorder",1,3,92896
2020,"Depressive Disorder",1,4,1319
2020,"Depressive Disorder",1,5,341518
2020,"Depressive Disorder",1,6,58040
2020,"Depressive Disorder",2,1,16731
2020,"Depressive Disorder",2,2,14268
2020,"Depressive Disorder",2,3,150983
2020,"Depressive Disorder",2,4,2130
2020,"Depressive Disorder",2,5,567362
2020,"Depressive Disorder",2,6,101728
2020,"Oppositional Defiant Disorder",1,1,848
2020,"Oppositional Defiant Disorder",1,2,364
2020,"Oppositional Defiant Disorder",1,3,16444
2020,"Oppositional Defiant Disorder",1,4,105
2020,"Oppositional Defiant Disorder",1,5,33328
2020,"Oppositional Defiant Disorder",1,6,9924
2020,"Oppositional Defiant Disorder",2,1,419
2020,"Oppositional Defiant Disorder",2,2,138
2020,"Oppositional Defiant Disorder",2,3,9291
2020,"Oppositional Defiant Disorder",2,4,40
2020,"Oppositional Defiant Disorder",2,5,15310
2020,"Oppositional Defiant Disorder",2,6,4289
2020,"Pervasive Developmental Disorders",1,1,770
2020,"Pervasive Developmental Disorders",1,2,926
2020,"Pervasive Developmental Disorders",1,3,6752
2020,"Pervasive Developmental Disorders",1,4,109
2020,"Pervasive Developmental Disorders",1,5,32478
2020,"Pervasive Developmental Disorders",1,6,5439
2020,"Pervasive Developmental Disorders",2,1,182
2020,"Pervasive Developmental Disorders",2,2,233
2020,"Pervasive Developmental Disorders",2,3,1712
2020,"Pervasive Developmental Disorders",2,4,31
2020,"Pervasive Developmental Disorders",2,5,8534
2020,"Pervasive Developmental Disorders",2,6,1430
2020,"Personality Disorders",1,1,350
2020,"Personality Disorders",1,2,168
2020,"Personality Disorders",1,3,6078
2020,"Personality Disorders",1,4,32
2020,"Personality Disorders",1,5,12514
2020,"Personality Disorders",1,6,1519
2020,"Personality Disorders",2,1,494
2020,"Personality Disorders",2,2,240
2020,"Personality Disorders",2,3,3883
2020,"Personality Disorders",2,4,40
2020,"Personality Disorders",2,5,20430
2020,"Personality Disorders",2,6,1583
2020,"Schizophrenia or other Psychotic Disorders",1,1,5319
2020,"Schizophrenia or other Psychotic Disorders",1,2,9757
2020,"Schizophrenia or other Psychotic Disorders",1,3,140045
2020,"Schizophrenia or other Psychotic Disorders",1,4,1303
2020,"Schizophrenia or other Psychotic Disorders",1,5,206019
2020,"Schizophrenia or other Psychotic Disorders",1,6,42489
2020,"Schizophrenia or other Psychotic Disorders",2,1,3468
2020,"Schizophrenia or other Psychotic Disorders",2,2,6813
2020,"Schizophrenia or other Psychotic Disorders",2,3,82802
2020,"Schizophrenia or other Psychotic Disorders",2,4,748
2020,"Schizophrenia or other Psychotic Disorders",2,5,126022
2020,"Schizophrenia or other Psychotic Disorders",2,6,22296
2020,"Alcohol/Substance Use Disorders",1,1,8435
2020,"Alcohol/Substance Use Disorders",1,2,1765
2020,"Alcohol/Substance Use Disorders",1,3,18567
2020,"Alcohol/Substance Use Disorders",1,4,489
2020,"Alcohol/Substance Use Disorders",1,5,79795
2020,"Alcohol/Substance Use Disorders",1,6,17058
2020,"Alcohol/Substance Use Disorders",2,1,5429
2020,"Alcohol/Substance Use Disorders",2,2,742
2020,"Alcohol/Substance Use Disorders",2,3,9702
2020,"Alcohol/Substance Use Disorders",2,4,250
2020,"Alcohol/Substance Use Disorders",2,5,57097
2020,"Alcohol/Substance Use Disorders",2,6,9452
2020,"Other Disorder/Condition",1,1,6527
2020,"Other Disorder/Condition",1,2,3551
2020,"Other Disorder/Condition",1,3,45426
2020,"Other Disorder/Condition",1,4,542
2020,"Other Disorder/Condition",1,5,158831
2020,"Other Disorder/Condition",1,6,31019
2020,"Other Disorder/Condition",2,1,5435
2020,"Other Disorder/Condition",2,2,3399
2020,"Other Disorder/Condition",2,3,36866
2020,"Other Disorder/Condition",2,4,478
2020,"Other Disorder/Condition",2,5,139848
2020,"Other Disorder/Condition",2,6,27368
2021,"Missing",1,1,4507
2021,"Missing",1,2,7381
2021,"Missing",1,3,84073
2021,"Missing",1,4,1357
2021,"Missing",1,5,215039
2021,"Missing",1,6,47636
2021,"Missing",2,1,5345
2021,"Missing",2,2,8406
2021,"Missing",2,3,71916
2021,"Missing",2,4,1939
2021,"Missing",2,5,217796
2021,"Missing",2,6,47608
2021,"Trauma/Stress-related Disorder",1,1,9913
2021,"Trauma/Stress-related Disorder",1,2,4450
2021,"Trauma/Stress-related Disorder",1,3,60477
2021,"Trauma/Stress-related Disorder",1,4,1246
2021,"Trauma/Stress-related Disorder",1,5,193962
2021,"Trauma/Stress-related Disorder",1,6,40806
2021,"Trauma/Stress-related Disorder",2,1,14987
2021,"Trauma/Stress-related Disorder",2,2,6620
2021,"Trauma/Stress-related Disorder",2,3,71595
2021,"Trauma/Stress-related Disorder",2,4,1811
2021,"Trauma/Stress-related Disorder",2,5,294623
2021,"Trauma/Stress-related Disorder",2,6,53772
2021,"Anxiety Disorder",1,1,6852
2021,"Anxiety Disorder",1,2,3593
2021,"Anxiety Disorder",1,3,28187
2021,"Anxiety Disorder",1,4,925
2021,"Anxiety Disorder",1,5,184924
2021,"Anxiety Disorder",1,6,29385
2021,"Anxiety Disorder",2,1,12531
2021,"Anxiety Disorder",2,2,6291
2021,"Anxiety Disorder",2,3,47344
2021,"Anxiety Disorder",2,4,1601
2021,"Anxiety Disorder",2,5,326122
2021,"Anxiety Disorder",2,6,45190
2021,"ADHD",1,1,3981
2021,"ADHD",1,2,2200
2021,"ADHD",1,3,59508
2021,"ADHD",1,4,566
2021,"ADHD",1,5,149966
2021,"ADHD",1,6,31933
2021,"ADHD",2,1,1729
2021,"ADHD",2,2,985
2021,"ADHD",2,3,24562
2021,"ADHD",2,4,285
2021,"ADHD",2,5,72916
2021,"ADHD",2,6,11401
2021,"Conduct Disorder",1,1,629
2021,"Conduct Disorder",1,2,379
2021,"Conduct Disorder",1,3,11478
2021,"Conduct Disorder",1,4,149
2021,"Conduct Disorder",1,5,21295
2021,"Conduct Disorder",1,6,6175
2021,"Conduct Disorder",2,1,260
2021,"Conduct Disorder",2,2,135
2021,"Conduct Disorder",2,3,4603
2021,"Conduct Disorder",2,4,47
2021,"Conduct Disorder",2,5,8551
2021,"Conduct Disorder",2,6,2194
2021,"Delirium/Dementia",1,1,273
2021,"Delirium/Dementia",1,2,114
2021,"Delirium/Dementia",1,3,1188
2021,"Delirium/Dementia",1,4,22
2021,"Delirium/Dementia",1,5,4887
2021,"Delirium/Dementia",1,6,446
2021,"Delirium/Dementia",2,1,335
2021,"Delirium/Dementia",2,2,176
2021,"Delirium/Dementia",2,3,1023
2021,"Delirium/Dementia",2,4,20
2021,"Delirium/Dementia",2,5,5441
2021,"Delirium/Dementia",2,6,477
2021,"Bipolar Disorder",1,1,2385
2021,"Bipolar Disorder",1,2,2128
2021,"Bipolar Disorder",1,3,37844
2021,"Bipolar Disorder",1,4,396
2021,"Bipolar Disorder",1,5,144105
2021,"Bipolar Disorder",1,6,15544
2021,"Bipolar Disorder",2,1,4121
2021,"Bipolar Disorder",2,2,2992
2021,"Bipolar Disorder",2,3,58897
2021,"Bipolar Disorder",2,4,652
2021,"Bipolar Disorder",2,5,228046
2021,"Bipolar Disorder",2,6,23528
2021,"Depressive Disorder",1,1,9919
2021,"Depressive Disorder",1,2,7365
2021,"Depressive Disorder",1,3,87284
2021,"Depressive Disorder",1,4,1487
2021,"Depressive Disorder",1,5,304847
2021,"Depressive Disorder",1,6,51860
2021,"Depressive Disorder",2,1,16939
2021,"Depressive Disorder",2,2,14276
2021,"Depressive Disorder",2,3,148171
2021,"Depressive Disorder",2,4,2563
2021,"Depressive Disorder",2,5,522730
2021,"Depressive Disorder",2,6,94051
2021,"Oppositional Defiant Disorder",1,1,672
2021,"Oppositional Defiant Disorder",1,2,308
2021,"Oppositional Defiant Disorder",1,3,12832
2021,"Oppositional Defiant Disorder",1,4,95
2021,"Oppositional Defiant Disorder",1,5,26071
2021,"Oppositional Defiant Disorder",1,6,8575
2021,"Oppositional Defiant Disorder",2,1,354
2021,"Oppositional Defiant Disorder",2,2,112
2021,"Oppositional Defiant Disorder",2,3,7402
2021,"Oppositional Defiant Disorder",2,4,49
2021,"Oppositional Defiant Disorder",2,5,12222
2021,"Oppositional Defiant Disorder",2,6,3847
2021,"Pervasive Developmental Disorders",1,1,687
2021,"Pervasive Developmental Disorders",1,2,909
2021,"Pervasive Developmental Disorders",1,3,6518
2021,"Pervasive Developmental Disorders",1,4,137
2021,"Pervasive Developmental Disorders",1,5,28951
2021,"Pervasive Developmental Disorders",1,6,5593
2021,"Pervasive Developmental Disorders",2,1,183
2021,"Pervasive Developmental Disorders",2,2,227
2021,"Pervasive Developmental Disorders",2,3,1650
2021,"Pervasive Developmental Disorders",2,4,38
2021,"Pervasive Developmental Disorders",2,5,7940
2021,"Pervasive Developmental Disorders",2,6,1478
2021,"Personality Disorders",1,1,296
2021,"Personality Disorders",1,2,156
2021,"Personality Disorders",1,3,4862
2021,"Personality Disorders",1,4,31
2021,"Personality Disorders",1,5,11302
2021,"Personality Disorders",1,6,1311
2021,"Personality Disorders",2,1,432
2021,"Personality Disorders",2,2,227
2021,"Personality Disorders",2,3,3444
2021,"Personality Disorders",2,4,54
2021,"Personality Disorders",2,5,21310
2021,"Personality Disorders",2,6,1563
2021,"Schizophrenia or other Psychotic Disorders",1,1,5420
2021,"Schizophrenia or other Psychotic Disorders",1,2,9284
2021,"Schizophrenia or other Psychotic Disorders",1,3,127755
2021,"Schizophrenia or other Psychotic Disorders",1,4,1380
2021,"Schizophrenia or other Psychotic Disorders",1,5,190783
2021,"Schizophrenia or other Psychotic Disorders",1,6,38426
2021,"Schizophrenia or other Psychotic Disorders",2,1,3552
2021,"Schizophrenia or other Psychotic Disorders",2,2,6612
2021,"Schizophrenia or other Psychotic Disorders",2,3,76056
2021,"Schizophrenia or other Psychotic Disorders",2,4,767
2021,"Schizophrenia or other Psychotic Disorders",2,5,115984
2021,"Schizophrenia or other Psychotic Disorders",2,6,20517
2021,"Alcohol/Substance Use Disorders",1,1,8553
2021,"Alcohol/Substance Use Disorders",1,2,1726
2021,"Alcohol/Substance Use Disorders",1,3,18324
2021,"Alcohol/Substance Use Disorders",1,4,507
2021,"Alcohol/Substance Use Disorders",1,5,82336
2021,"Alcohol/Substance Use Disorders",1,6,16418
2021,"Alcohol/Substance Use Disorders",2,1,5628
2021,"Alcohol/Substance Use Disorders",2,2,770
2021,"Alcohol/Substance Use Disorders",2,3,9614
2021,"Alcohol/Substance Use Disorders",2,4,325
2021,"Alcohol/Substance Use Disorders",2,5,58497
2021,"Alcohol/Substance Use Disorders",2,6,9050
2021,"Other Disorder/Condition",1,1,6185
2021,"Other Disorder/Condition",1,2,3443
2021,"Other Disorder/Condition",1,3,41411
2021,"Other Disorder/Condition",1,4,666
2021,"Other Disorder/Condition",1,5,139543
2021,"Other Disorder/Condition",1,6,27995
2021,"Other Disorder/Condition",2,1,5306
2021,"Other Disorder/Condition",2,2,3440
2021,"Other Disorder/Condition",2,3,34109
2021,"Other Disorder/Condition",2,4,555
2021,"Other Disorder/Condition",2,5,124932
2021,"Other Disorder/Condition",2,6,24519
