"YEAR","MH1","GENDER","MARSTAT","Subgroup_Population"
2013,"Missing",1,1,147298
2013,"Missing",1,2,20517
2013,"Missing",1,3,6381
2013,"Missing",1,4,14417
2013,"Missing",2,1,127507
2013,"Missing",2,2,24838
2013,"Missing",2,3,10180
2013,"Missing",2,4,24531
2013,"Trauma/Stress-related Disorder",1,1,99354
2013,"Trauma/Stress-related Disorder",1,2,13607
2013,"Trauma/Stress-related Disorder",1,3,3815
2013,"Trauma/Stress-related Disorder",1,4,8095
2013,"Trauma/Stress-related Disorder",2,1,121349
2013,"Trauma/Stress-related Disorder",2,2,22611
2013,"Trauma/Stress-related Disorder",2,3,9440
2013,"Trauma/Stress-related Disorder",2,4,21812
2013,"Anxiety Disorder",1,1,53476
2013,"Anxiety Disorder",1,2,10896
2013,"Anxiety Disorder",1,3,2267
2013,"Anxiety Disorder",1,4,7156
2013,"Anxiety Disorder",2,1,62790
2013,"Anxiety Disorder",2,2,20446
2013,"Anxiety Disorder",2,3,6563
2013,"Anxiety Disorder",2,4,19466
2013,"ADHD",1,1,144042
2013,"ADHD",1,2,2011
2013,"ADHD",1,3,316
2013,"ADHD",1,4,756
2013,"ADHD",2,1,54290
2013,"ADHD",2,2,1756
2013,"ADHD",2,3,498
2013,"ADHD",2,4,1423
2013,"Conduct Disorder",1,1,38362
2013,"Conduct Disorder",1,2,338
2013,"Conduct Disorder",1,3,45
2013,"Conduct Disorder",1,4,78
2013,"Conduct Disorder",2,1,16834
2013,"Conduct Disorder",2,2,143
2013,"Conduct Disorder",2,3,24
2013,"Conduct Disorder",2,4,60
2013,"Delirium/Dementia",1,1,2770
2013,"Delirium/Dementia",1,2,1719
2013,"Delirium/Dementia",1,3,223
2013,"Delirium/Dementia",1,4,1670
2013,"Delirium/Dementia",2,1,2134
2013,"Delirium/Dementia",2,2,1234
2013,"Delirium/Dementia",2,3,220
2013,"Delirium/Dementia",2,4,4394
2013,"Bipolar Disorder",1,1,127739
2013,"Bipolar Disorder",1,2,25570
2013,"Bipolar Disorder",1,3,8870
2013,"Bipolar Disorder",1,4,26416
2013,"Bipolar Disorder",2,1,133943
2013,"Bipolar Disorder",2,2,44197
2013,"Bipolar Disorder",2,3,20452
2013,"Bipolar Disorder",2,4,61876
2013,"Depressive Disorder",1,1,135365
2013,"Depressive Disorder",1,2,40112
2013,"Depressive Disorder",1,3,13243
2013,"Depressive Disorder",1,4,38566
2013,"Depressive Disorder",2,1,197556
2013,"Depressive Disorder",2,2,79120
2013,"Depressive Disorder",2,3,32769
2013,"Depressive Disorder",2,4,101235
2013,"Oppositional Defiant Disorder",1,1,35334
2013,"Oppositional Defiant Disorder",1,2,177
2013,"Oppositional Defiant Disorder",1,3,41
2013,"Oppositional Defiant Disorder",1,4,43
2013,"Oppositional Defiant Disorder",2,1,19267
2013,"Oppositional Defiant Disorder",2,2,151
2013,"Oppositional Defiant Disorder",2,3,32
2013,"Oppositional Defiant Disorder",2,4,39
2013,"Pervasive Developmental Disorders",1,1,14957
2013,"Pervasive Developmental Disorders",1,2,94
2013,"Pervasive Developmental Disorders",1,3,12
2013,"Pervasive Developmental Disorders",1,4,41
2013,"Pervasive Developmental Disorders",2,1,3611
2013,"Pervasive Developmental Disorders",2,2,46
2013,"Pervasive Developmental Disorders",2,3,9
2013,"Pervasive Developmental Disorders",2,4,40
2013,"Personality Disorders",1,1,5505
2013,"Personality Disorders",1,2,1177
2013,"Personality Disorders",1,3,412
2013,"Personality Disorders",1,4,1215
2013,"Personality Disorders",2,1,4251
2013,"Personality Disorders",2,2,1588
2013,"Personality Disorders",2,3,743
2013,"Personality Disorders",2,4,2189
2013,"Schizophrenia or other Psychotic Disorders",1,1,161320
2013,"Schizophrenia or other Psychotic Disorders",1,2,15835
2013,"Schizophrenia or other Psychotic Disorders",1,3,7025
2013,"Schizophrenia or other Psychotic Disorders",1,4,23569
2013,"Schizophrenia or other Psychotic Disorders",2,1,72776
2013,"Schizophrenia or other Psychotic Disorders",2,2,17633
2013,"Schizophrenia or other Psychotic Disorders",2,3,9013
2013,"Schizophrenia or other Psychotic Disorders",2,4,35140
2013,"Alcohol/Substance Use Disorders",1,1,17508
2013,"Alcohol/Substance Use Disorders",1,2,5170
2013,"Alcohol/Substance Use Disorders",1,3,2418
2013,"Alcohol/Substance Use Disorders",1,4,4032
2013,"Alcohol/Substance Use Disorders",2,1,8618
2013,"Alcohol/Substance Use Disorders",2,2,2718
2013,"Alcohol/Substance Use Disorders",2,3,2069
2013,"Alcohol/Substance Use Disorders",2,4,3154
2013,"Other Disorder/Condition",1,1,35694
2013,"Other Disorder/Condition",1,2,5615
2013,"Other Disorder/Condition",1,3,1345
2013,"Other Disorder/Condition",1,4,3567
2013,"Other Disorder/Condition",2,1,22945
2013,"Other Disorder/Condition",2,2,5362
2013,"Other Disorder/Condition",2,3,1515
2013,"Other Disorder/Condition",2,4,4430
2014,"Missing",1,1,124959
2014,"Missing",1,2,25140
2014,"Missing",1,3,7804
2014,"Missing",1,4,18495
2014,"Missing",2,1,96686
2014,"Missing",2,2,31797
2014,"Missing",2,3,12708
2014,"Missing",2,4,33922
2014,"Trauma/Stress-related Disorder",1,1,110010
2014,"Trauma/Stress-related Disorder",1,2,13875
2014,"Trauma/Stress-related Disorder",1,3,3926
2014,"Trauma/Stress-related Disorder",1,4,8398
2014,"Trauma/Stress-related Disorder",2,1,136370
2014,"Trauma/Stress-related Disorder",2,2,22953
2014,"Trauma/Stress-related Disorder",2,3,10395
2014,"Trauma/Stress-related Disorder",2,4,22887
2014,"Anxiety Disorder",1,1,59009
2014,"Anxiety Disorder",1,2,10604
2014,"Anxiety Disorder",1,3,2314
2014,"Anxiety Disorder",1,4,6930
2014,"Anxiety Disorder",2,1,71150
2014,"Anxiety Disorder",2,2,19799
2014,"Anxiety Disorder",2,3,6995
2014,"Anxiety Disorder",2,4,19097
2014,"ADHD",1,1,166825
2014,"ADHD",1,2,1828
2014,"ADHD",1,3,332
2014,"ADHD",1,4,810
2014,"ADHD",2,1,65053
2014,"ADHD",2,2,1619
2014,"ADHD",2,3,594
2014,"ADHD",2,4,1525
2014,"Conduct Disorder",1,1,41792
2014,"Conduct Disorder",1,2,170
2014,"Conduct Disorder",1,3,49
2014,"Conduct Disorder",1,4,91
2014,"Conduct Disorder",2,1,18410
2014,"Conduct Disorder",2,2,56
2014,"Conduct Disorder",2,3,22
2014,"Conduct Disorder",2,4,48
2014,"Delirium/Dementia",1,1,3127
2014,"Delirium/Dementia",1,2,1631
2014,"Delirium/Dementia",1,3,204
2014,"Delirium/Dementia",1,4,1621
2014,"Delirium/Dementia",2,1,2226
2014,"Delirium/Dementia",2,2,1239
2014,"Delirium/Dementia",2,3,240
2014,"Delirium/Dementia",2,4,4036
2014,"Bipolar Disorder",1,1,147849
2014,"Bipolar Disorder",1,2,26142
2014,"Bipolar Disorder",1,3,9974
2014,"Bipolar Disorder",1,4,28263
2014,"Bipolar Disorder",2,1,160005
2014,"Bipolar Disorder",2,2,45113
2014,"Bipolar Disorder",2,3,24154
2014,"Bipolar Disorder",2,4,66464
2014,"Depressive Disorder",1,1,160133
2014,"Depressive Disorder",1,2,41491
2014,"Depressive Disorder",1,3,14845
2014,"Depressive Disorder",1,4,41899
2014,"Depressive Disorder",2,1,243165
2014,"Depressive Disorder",2,2,81921
2014,"Depressive Disorder",2,3,38887
2014,"Depressive Disorder",2,4,108787
2014,"Oppositional Defiant Disorder",1,1,39443
2014,"Oppositional Defiant Disorder",1,2,91
2014,"Oppositional Defiant Disorder",1,3,41
2014,"Oppositional Defiant Disorder",1,4,34
2014,"Oppositional Defiant Disorder",2,1,21754
2014,"Oppositional Defiant Disorder",2,2,65
2014,"Oppositional Defiant Disorder",2,3,32
2014,"Oppositional Defiant Disorder",2,4,41
2014,"Pervasive Developmental Disorders",1,1,34023
2014,"Pervasive Developmental Disorders",1,2,125
2014,"Pervasive Developmental Disorders",1,3,26
2014,"Pervasive Developmental Disorders",1,4,38
2014,"Pervasive Developmental Disorders",2,1,8103
2014,"Pervasive Developmental Disorders",2,2,50
2014,"Pervasive Developmental Disorders",2,3,10
2014,"Pervasive Developmental Disorders",2,4,37
2014,"Personality Disorders",1,1,5126
2014,"Personality Disorders",1,2,961
2014,"Personality Disorders",1,3,337
2014,"Personality Disorders",1,4,904
2014,"Personality Disorders",2,1,3967
2014,"Personality Disorders",2,2,1172
2014,"Personality Disorders",2,3,608
2014,"Personality Disorders",2,4,1696
2014,"Schizophrenia or other Psychotic Disorders",1,1,180738
2014,"Schizophrenia or other Psychotic Disorders",1,2,15357
2014,"Schizophrenia or other Psychotic Disorders",1,3,7631
2014,"Schizophrenia or other Psychotic Disorders",1,4,24314
2014,"Schizophrenia or other Psychotic Disorders",2,1,81182
2014,"Schizophrenia or other Psychotic Disorders",2,2,17140
2014,"Schizophrenia or other Psychotic Disorders",2,3,9724
2014,"Schizophrenia or other Psychotic Disorders",2,4,35780
2014,"Alcohol/Substance Use Disorders",1,1,48808
2014,"Alcohol/Substance Use Disorders",1,2,7204
2014,"Alcohol/Substance Use Disorders",1,3,4426
2014,"Alcohol/Substance Use Disorders",1,4,6808
2014,"Alcohol/Substance Use Disorders",2,1,30239
2014,"Alcohol/Substance Use Disorders",2,2,4123
2014,"Alcohol/Substance Use Disorders",2,3,4951
2014,"Alcohol/Substance Use Disorders",2,4,6188
2014,"Other Disorder/Condition",1,1,40659
2014,"Other Disorder/Condition",1,2,5607
2014,"Other Disorder/Condition",1,3,1454
2014,"Other Disorder/Condition",1,4,3696
2014,"Other Disorder/Condition",2,1,26304
2014,"Other Disorder/Condition",2,2,5311
2014,"Other Disorder/Condition",2,3,1615
2014,"Other Disorder/Condition",2,4,4481
2015,"Missing",1,1,112371
2015,"Missing",1,2,21435
2015,"Missing",1,3,6939
2015,"Missing",1,4,18446
2015,"Missing",2,1,88103
2015,"Missing",2,2,28949
2015,"Missing",2,3,12106
2015,"Missing",2,4,34203
2015,"Trauma/Stress-related Disorder",1,1,91325
2015,"Trauma/Stress-related Disorder",1,2,13465
2015,"Trauma/Stress-related Disorder",1,3,3607
2015,"Trauma/Stress-related Disorder",1,4,8225
2015,"Trauma/Stress-related Disorder",2,1,110025
2015,"Trauma/Stress-related Disorder",2,2,21916
2015,"Trauma/Stress-related Disorder",2,3,9014
2015,"Trauma/Stress-related Disorder",2,4,21261
2015,"Anxiety Disorder",1,1,56161
2015,"Anxiety Disorder",1,2,10721
2015,"Anxiety Disorder",1,3,2306
2015,"Anxiety Disorder",1,4,7089
2015,"Anxiety Disorder",2,1,65356
2015,"Anxiety Disorder",2,2,19208
2015,"Anxiety Disorder",2,3,5926
2015,"Anxiety Disorder",2,4,17840
2015,"ADHD",1,1,123517
2015,"ADHD",1,2,1647
2015,"ADHD",1,3,283
2015,"ADHD",1,4,686
2015,"ADHD",2,1,47945
2015,"ADHD",2,2,1429
2015,"ADHD",2,3,375
2015,"ADHD",2,4,1144
2015,"Conduct Disorder",1,1,31479
2015,"Conduct Disorder",1,2,204
2015,"Conduct Disorder",1,3,50
2015,"Conduct Disorder",1,4,109
2015,"Conduct Disorder",2,1,13730
2015,"Conduct Disorder",2,2,77
2015,"Conduct Disorder",2,3,12
2015,"Conduct Disorder",2,4,49
2015,"Delirium/Dementia",1,1,2053
2015,"Delirium/Dementia",1,2,1341
2015,"Delirium/Dementia",1,3,125
2015,"Delirium/Dementia",1,4,1121
2015,"Delirium/Dementia",2,1,1298
2015,"Delirium/Dementia",2,2,894
2015,"Delirium/Dementia",2,3,123
2015,"Delirium/Dementia",2,4,2132
2015,"Bipolar Disorder",1,1,116052
2015,"Bipolar Disorder",1,2,21867
2015,"Bipolar Disorder",1,3,7877
2015,"Bipolar Disorder",1,4,23900
2015,"Bipolar Disorder",2,1,123057
2015,"Bipolar Disorder",2,2,38548
2015,"Bipolar Disorder",2,3,18474
2015,"Bipolar Disorder",2,4,55063
2015,"Depressive Disorder",1,1,140754
2015,"Depressive Disorder",1,2,37596
2015,"Depressive Disorder",1,3,12772
2015,"Depressive Disorder",1,4,37416
2015,"Depressive Disorder",2,1,207397
2015,"Depressive Disorder",2,2,73142
2015,"Depressive Disorder",2,3,30751
2015,"Depressive Disorder",2,4,93695
2015,"Oppositional Defiant Disorder",1,1,31391
2015,"Oppositional Defiant Disorder",1,2,104
2015,"Oppositional Defiant Disorder",1,3,30
2015,"Oppositional Defiant Disorder",1,4,41
2015,"Oppositional Defiant Disorder",2,1,16876
2015,"Oppositional Defiant Disorder",2,2,76
2015,"Oppositional Defiant Disorder",2,3,25
2015,"Oppositional Defiant Disorder",2,4,32
2015,"Pervasive Developmental Disorders",1,1,14801
2015,"Pervasive Developmental Disorders",1,2,92
2015,"Pervasive Developmental Disorders",1,3,18
2015,"Pervasive Developmental Disorders",1,4,39
2015,"Pervasive Developmental Disorders",2,1,3545
2015,"Pervasive Developmental Disorders",2,2,39
2015,"Pervasive Developmental Disorders",2,3,10
2015,"Pervasive Developmental Disorders",2,4,29
2015,"Personality Disorders",1,1,5303
2015,"Personality Disorders",1,2,1025
2015,"Personality Disorders",1,3,326
2015,"Personality Disorders",1,4,973
2015,"Personality Disorders",2,1,4051
2015,"Personality Disorders",2,2,1254
2015,"Personality Disorders",2,3,586
2015,"Personality Disorders",2,4,1708
2015,"Schizophrenia or other Psychotic Disorders",1,1,159012
2015,"Schizophrenia or other Psychotic Disorders",1,2,14171
2015,"Schizophrenia or other Psychotic Disorders",1,3,6753
2015,"Schizophrenia or other Psychotic Disorders",1,4,21883
2015,"Schizophrenia or other Psychotic Disorders",2,1,69149
2015,"Schizophrenia or other Psychotic Disorders",2,2,15495
2015,"Schizophrenia or other Psychotic Disorders",2,3,8208
2015,"Schizophrenia or other Psychotic Disorders",2,4,30896
2015,"Alcohol/Substance Use Disorders",1,1,15557
2015,"Alcohol/Substance Use Disorders",1,2,4724
2015,"Alcohol/Substance Use Disorders",1,3,1996
2015,"Alcohol/Substance Use Disorders",1,4,3545
2015,"Alcohol/Substance Use Disorders",2,1,7364
2015,"Alcohol/Substance Use Disorders",2,2,2361
2015,"Alcohol/Substance Use Disorders",2,3,1656
2015,"Alcohol/Substance Use Disorders",2,4,2731
2015,"Other Disorder/Condition",1,1,34485
2015,"Other Disorder/Condition",1,2,5417
2015,"Other Disorder/Condition",1,3,1376
2015,"Other Disorder/Condition",1,4,3741
2015,"Other Disorder/Condition",2,1,22103
2015,"Other Disorder/Condition",2,2,5134
2015,"Other Disorder/Condition",2,3,1579
2015,"Other Disorder/Condition",2,4,4473
2016,"Missing",1,1,232837
2016,"Missing",1,2,45603
2016,"Missing",1,3,13854
2016,"Missing",1,4,34227
2016,"Missing",2,1,204119
2016,"Missing",2,2,64543
2016,"Missing",2,3,24341
2016,"Missing",2,4,67722
2016,"Trauma/Stress-related Disorder",1,1,95519
2016,"Trauma/Stress-related Disorder",1,2,10558
2016,"Trauma/Stress-related Disorder",1,3,3068
2016,"Trauma/Stress-related Disorder",1,4,7480
2016,"Trauma/Stress-related Disorder",2,1,113566
2016,"Trauma/Stress-related Disorder",2,2,16560
2016,"Trauma/Stress-related Disorder",2,3,7916
2016,"Trauma/Stress-related Disorder",2,4,18589
2016,"Anxiety Disorder",1,1,62995
2016,"Anxiety Disorder",1,2,9821
2016,"Anxiety Disorder",1,3,2499
2016,"Anxiety Disorder",1,4,7292
2016,"Anxiety Disorder",2,1,75523
2016,"Anxiety Disorder",2,2,17621
2016,"Anxiety Disorder",2,3,6622
2016,"Anxiety Disorder",2,4,17842
2016,"ADHD",1,1,149352
2016,"ADHD",1,2,1613
2016,"ADHD",1,3,334
2016,"ADHD",1,4,760
2016,"ADHD",2,1,60336
2016,"ADHD",2,2,1500
2016,"ADHD",2,3,557
2016,"ADHD",2,4,1556
2016,"Conduct Disorder",1,1,30158
2016,"Conduct Disorder",1,2,262
2016,"Conduct Disorder",1,3,72
2016,"Conduct Disorder",1,4,126
2016,"Conduct Disorder",2,1,12855
2016,"Conduct Disorder",2,2,89
2016,"Conduct Disorder",2,3,24
2016,"Conduct Disorder",2,4,65
2016,"Delirium/Dementia",1,1,2060
2016,"Delirium/Dementia",1,2,769
2016,"Delirium/Dementia",1,3,147
2016,"Delirium/Dementia",1,4,935
2016,"Delirium/Dementia",2,1,1241
2016,"Delirium/Dementia",2,2,463
2016,"Delirium/Dementia",2,3,148
2016,"Delirium/Dementia",2,4,1525
2016,"Bipolar Disorder",1,1,98307
2016,"Bipolar Disorder",1,2,17930
2016,"Bipolar Disorder",1,3,7394
2016,"Bipolar Disorder",1,4,20447
2016,"Bipolar Disorder",2,1,112585
2016,"Bipolar Disorder",2,2,32713
2016,"Bipolar Disorder",2,3,18705
2016,"Bipolar Disorder",2,4,50104
2016,"Depressive Disorder",1,1,149640
2016,"Depressive Disorder",1,2,33682
2016,"Depressive Disorder",1,3,12843
2016,"Depressive Disorder",1,4,35521
2016,"Depressive Disorder",2,1,218927
2016,"Depressive Disorder",2,2,63508
2016,"Depressive Disorder",2,3,32061
2016,"Depressive Disorder",2,4,87664
2016,"Oppositional Defiant Disorder",1,1,30585
2016,"Oppositional Defiant Disorder",1,2,98
2016,"Oppositional Defiant Disorder",1,3,35
2016,"Oppositional Defiant Disorder",1,4,48
2016,"Oppositional Defiant Disorder",2,1,16231
2016,"Oppositional Defiant Disorder",2,2,65
2016,"Oppositional Defiant Disorder",2,3,27
2016,"Oppositional Defiant Disorder",2,4,24
2016,"Pervasive Developmental Disorders",1,1,33476
2016,"Pervasive Developmental Disorders",1,2,85
2016,"Pervasive Developmental Disorders",1,3,21
2016,"Pervasive Developmental Disorders",1,4,47
2016,"Pervasive Developmental Disorders",2,1,8085
2016,"Pervasive Developmental Disorders",2,2,29
2016,"Pervasive Developmental Disorders",2,3,19
2016,"Pervasive Developmental Disorders",2,4,36
2016,"Personality Disorders",1,1,5575
2016,"Personality Disorders",1,2,1065
2016,"Personality Disorders",1,3,372
2016,"Personality Disorders",1,4,1065
2016,"Personality Disorders",2,1,3996
2016,"Personality Disorders",2,2,1208
2016,"Personality Disorders",2,3,712
2016,"Personality Disorders",2,4,1819
2016,"Schizophrenia or other Psychotic Disorders",1,1,155874
2016,"Schizophrenia or other Psychotic Disorders",1,2,13119
2016,"Schizophrenia or other Psychotic Disorders",1,3,6747
2016,"Schizophrenia or other Psychotic Disorders",1,4,20612
2016,"Schizophrenia or other Psychotic Disorders",2,1,68011
2016,"Schizophrenia or other Psychotic Disorders",2,2,13806
2016,"Schizophrenia or other Psychotic Disorders",2,3,7900
2016,"Schizophrenia or other Psychotic Disorders",2,4,28327
2016,"Alcohol/Substance Use Disorders",1,1,10522
2016,"Alcohol/Substance Use Disorders",1,2,2136
2016,"Alcohol/Substance Use Disorders",1,3,1143
2016,"Alcohol/Substance Use Disorders",1,4,2624
2016,"Alcohol/Substance Use Disorders",2,1,6118
2016,"Alcohol/Substance Use Disorders",2,2,1622
2016,"Alcohol/Substance Use Disorders",2,3,1355
2016,"Alcohol/Substance Use Disorders",2,4,2578
2016,"Other Disorder/Condition",1,1,45694
2016,"Other Disorder/Condition",1,2,4477
2016,"Other Disorder/Condition",1,3,1300
2016,"Other Disorder/Condition",1,4,4244
2016,"Other Disorder/Condition",2,1,33789
2016,"Other Disorder/Condition",2,2,5010
2016,"Other Disorder/Condition",2,3,1786
2016,"Other Disorder/Condition",2,4,6038
2017,"Missing",1,1,180092
2017,"Missing",1,2,26170
2017,"Missing",1,3,8163
2017,"Missing",1,4,21273
2017,"Missing",2,1,138306
2017,"Missing",2,2,30054
2017,"Missing",2,3,11694
2017,"Missing",2,4,33502
2017,"Trauma/Stress-related Disorder",1,1,158542
2017,"Trauma/Stress-related Disorder",1,2,17176
2017,"Trauma/Stress-related Disorder",1,3,4742
2017,"Trauma/Stress-related Disorder",1,4,11550
2017,"Trauma/Stress-related Disorder",2,1,184566
2017,"Trauma/Stress-related Disorder",2,2,27187
2017,"Trauma/Stress-related Disorder",2,3,11687
2017,"Trauma/Stress-related Disorder",2,4,28989
2017,"Anxiety Disorder",1,1,91589
2017,"Anxiety Disorder",1,2,13529
2017,"Anxiety Disorder",1,3,3120
2017,"Anxiety Disorder",1,4,9452
2017,"Anxiety Disorder",2,1,116418
2017,"Anxiety Disorder",2,2,25256
2017,"Anxiety Disorder",2,3,8457
2017,"Anxiety Disorder",2,4,25225
2017,"ADHD",1,1,208651
2017,"ADHD",1,2,1863
2017,"ADHD",1,3,372
2017,"ADHD",1,4,938
2017,"ADHD",2,1,81997
2017,"ADHD",2,2,1753
2017,"ADHD",2,3,628
2017,"ADHD",2,4,1770
2017,"Conduct Disorder",1,1,41609
2017,"Conduct Disorder",1,2,399
2017,"Conduct Disorder",1,3,99
2017,"Conduct Disorder",1,4,237
2017,"Conduct Disorder",2,1,17272
2017,"Conduct Disorder",2,2,62
2017,"Conduct Disorder",2,3,33
2017,"Conduct Disorder",2,4,86
2017,"Delirium/Dementia",1,1,2980
2017,"Delirium/Dementia",1,2,1136
2017,"Delirium/Dementia",1,3,179
2017,"Delirium/Dementia",1,4,1135
2017,"Delirium/Dementia",2,1,2028
2017,"Delirium/Dementia",2,2,830
2017,"Delirium/Dementia",2,3,190
2017,"Delirium/Dementia",2,4,2353
2017,"Bipolar Disorder",1,1,112260
2017,"Bipolar Disorder",1,2,20914
2017,"Bipolar Disorder",1,3,8205
2017,"Bipolar Disorder",1,4,24823
2017,"Bipolar Disorder",2,1,131399
2017,"Bipolar Disorder",2,2,38381
2017,"Bipolar Disorder",2,3,20251
2017,"Bipolar Disorder",2,4,59760
2017,"Depressive Disorder",1,1,202947
2017,"Depressive Disorder",1,2,43023
2017,"Depressive Disorder",1,3,15467
2017,"Depressive Disorder",1,4,44690
2017,"Depressive Disorder",2,1,300442
2017,"Depressive Disorder",2,2,81233
2017,"Depressive Disorder",2,3,37034
2017,"Depressive Disorder",2,4,109113
2017,"Oppositional Defiant Disorder",1,1,48182
2017,"Oppositional Defiant Disorder",1,2,68
2017,"Oppositional Defiant Disorder",1,3,26
2017,"Oppositional Defiant Disorder",1,4,26
2017,"Oppositional Defiant Disorder",2,1,25415
2017,"Oppositional Defiant Disorder",2,2,58
2017,"Oppositional Defiant Disorder",2,3,23
2017,"Oppositional Defiant Disorder",2,4,22
2017,"Pervasive Developmental Disorders",1,1,41569
2017,"Pervasive Developmental Disorders",1,2,86
2017,"Pervasive Developmental Disorders",1,3,16
2017,"Pervasive Developmental Disorders",1,4,50
2017,"Pervasive Developmental Disorders",2,1,10153
2017,"Pervasive Developmental Disorders",2,2,46
2017,"Pervasive Developmental Disorders",2,3,14
2017,"Pervasive Developmental Disorders",2,4,32
2017,"Personality Disorders",1,1,7760
2017,"Personality Disorders",1,2,1401
2017,"Personality Disorders",1,3,452
2017,"Personality Disorders",1,4,1306
2017,"Personality Disorders",2,1,5954
2017,"Personality Disorders",2,2,1725
2017,"Personality Disorders",2,3,815
2017,"Personality Disorders",2,4,2365
2017,"Schizophrenia or other Psychotic Disorders",1,1,207541
2017,"Schizophrenia or other Psychotic Disorders",1,2,16202
2017,"Schizophrenia or other Psychotic Disorders",1,3,7952
2017,"Schizophrenia or other Psychotic Disorders",1,4,26451
2017,"Schizophrenia or other Psychotic Disorders",2,1,93124
2017,"Schizophrenia or other Psychotic Disorders",2,2,17119
2017,"Schizophrenia or other Psychotic Disorders",2,3,9390
2017,"Schizophrenia or other Psychotic Disorders",2,4,36666
2017,"Alcohol/Substance Use Disorders",1,1,22632
2017,"Alcohol/Substance Use Disorders",1,2,5694
2017,"Alcohol/Substance Use Disorders",1,3,1701
2017,"Alcohol/Substance Use Disorders",1,4,4471
2017,"Alcohol/Substance Use Disorders",2,1,12203
2017,"Alcohol/Substance Use Disorders",2,2,3409
2017,"Alcohol/Substance Use Disorders",2,3,1775
2017,"Alcohol/Substance Use Disorders",2,4,3953
2017,"Other Disorder/Condition",1,1,100621
2017,"Other Disorder/Condition",1,2,9828
2017,"Other Disorder/Condition",1,3,2727
2017,"Other Disorder/Condition",1,4,7755
2017,"Other Disorder/Condition",2,1,79406
2017,"Other Disorder/Condition",2,2,11481
2017,"Other Disorder/Condition",2,3,3962
2017,"Other Disorder/Condition",2,4,12723
2018,"Missing",1,1,192212
2018,"Missing",1,2,17719
2018,"Missing",1,3,6906
2018,"Missing",1,4,16861
2018,"Missing",2,1,157686
2018,"Missing",2,2,19858
2018,"Missing",2,3,8319
2018,"Missing",2,4,23173
2018,"Trauma/Stress-related Disorder",1,1,183545
2018,"Trauma/Stress-related Disorder",1,2,14804
2018,"Trauma/Stress-related Disorder",1,3,4312
2018,"Trauma/Stress-related Disorder",1,4,11211
2018,"Trauma/Stress-related Disorder",2,1,215364
2018,"Trauma/Stress-related Disorder",2,2,23096
2018,"Trauma/Stress-related Disorder",2,3,10391
2018,"Trauma/Stress-related Disorder",2,4,26904
2018,"Anxiety Disorder",1,1,105195
2018,"Anxiety Disorder",1,2,12879
2018,"Anxiety Disorder",1,3,3082
2018,"Anxiety Disorder",1,4,9531
2018,"Anxiety Disorder",2,1,138472
2018,"Anxiety Disorder",2,2,24464
2018,"Anxiety Disorder",2,3,8540
2018,"Anxiety Disorder",2,4,25409
2018,"ADHD",1,1,233921
2018,"ADHD",1,2,1886
2018,"ADHD",1,3,392
2018,"ADHD",1,4,977
2018,"ADHD",2,1,90192
2018,"ADHD",2,2,1943
2018,"ADHD",2,3,671
2018,"ADHD",2,4,1836
2018,"Conduct Disorder",1,1,40615
2018,"Conduct Disorder",1,2,365
2018,"Conduct Disorder",1,3,92
2018,"Conduct Disorder",1,4,220
2018,"Conduct Disorder",2,1,16490
2018,"Conduct Disorder",2,2,72
2018,"Conduct Disorder",2,3,25
2018,"Conduct Disorder",2,4,74
2018,"Delirium/Dementia",1,1,3595
2018,"Delirium/Dementia",1,2,833
2018,"Delirium/Dementia",1,3,146
2018,"Delirium/Dementia",1,4,994
2018,"Delirium/Dementia",2,1,3035
2018,"Delirium/Dementia",2,2,563
2018,"Delirium/Dementia",2,3,147
2018,"Delirium/Dementia",2,4,1837
2018,"Bipolar Disorder",1,1,111531
2018,"Bipolar Disorder",1,2,19663
2018,"Bipolar Disorder",1,3,7298
2018,"Bipolar Disorder",1,4,23225
2018,"Bipolar Disorder",2,1,134857
2018,"Bipolar Disorder",2,2,36258
2018,"Bipolar Disorder",2,3,18477
2018,"Bipolar Disorder",2,4,56458
2018,"Depressive Disorder",1,1,226610
2018,"Depressive Disorder",1,2,40247
2018,"Depressive Disorder",1,3,14266
2018,"Depressive Disorder",1,4,43441
2018,"Depressive Disorder",2,1,341232
2018,"Depressive Disorder",2,2,74862
2018,"Depressive Disorder",2,3,33094
2018,"Depressive Disorder",2,4,101766
2018,"Oppositional Defiant Disorder",1,1,51504
2018,"Oppositional Defiant Disorder",1,2,74
2018,"Oppositional Defiant Disorder",1,3,20
2018,"Oppositional Defiant Disorder",1,4,12
2018,"Oppositional Defiant Disorder",2,1,26071
2018,"Oppositional Defiant Disorder",2,2,37
2018,"Oppositional Defiant Disorder",2,3,17
2018,"Oppositional Defiant Disorder",2,4,14
2018,"Pervasive Developmental Disorders",1,1,41166
2018,"Pervasive Developmental Disorders",1,2,96
2018,"Pervasive Developmental Disorders",1,3,12
2018,"Pervasive Developmental Disorders",1,4,48
2018,"Pervasive Developmental Disorders",2,1,10082
2018,"Pervasive Developmental Disorders",2,2,28
2018,"Pervasive Developmental Disorders",2,3,13
2018,"Pervasive Developmental Disorders",2,4,22
2018,"Personality Disorders",1,1,8230
2018,"Personality Disorders",1,2,1325
2018,"Personality Disorders",1,3,408
2018,"Personality Disorders",1,4,1254
2018,"Personality Disorders",2,1,7241
2018,"Personality Disorders",2,2,1496
2018,"Personality Disorders",2,3,715
2018,"Personality Disorders",2,4,2156
2018,"Schizophrenia or other Psychotic Disorders",1,1,217876
2018,"Schizophrenia or other Psychotic Disorders",1,2,15435
2018,"Schizophrenia or other Psychotic Disorders",1,3,7605
2018,"Schizophrenia or other Psychotic Disorders",1,4,25180
2018,"Schizophrenia or other Psychotic Disorders",2,1,101891
2018,"Schizophrenia or other Psychotic Disorders",2,2,15801
2018,"Schizophrenia or other Psychotic Disorders",2,3,8701
2018,"Schizophrenia or other Psychotic Disorders",2,4,33729
2018,"Alcohol/Substance Use Disorders",1,1,31825
2018,"Alcohol/Substance Use Disorders",1,2,3987
2018,"Alcohol/Substance Use Disorders",1,3,1475
2018,"Alcohol/Substance Use Disorders",1,4,4622
2018,"Alcohol/Substance Use Disorders",2,1,16828
2018,"Alcohol/Substance Use Disorders",2,2,3005
2018,"Alcohol/Substance Use Disorders",2,3,1728
2018,"Alcohol/Substance Use Disorders",2,4,4082
2018,"Other Disorder/Condition",1,1,136988
2018,"Other Disorder/Condition",1,2,8205
2018,"Other Disorder/Condition",1,3,2435
2018,"Other Disorder/Condition",1,4,7485
2018,"Other Disorder/Condition",2,1,108431
2018,"Other Disorder/Condition",2,2,9473
2018,"Other Disorder/Condition",2,3,3854
2018,"Other Disorder/Condition",2,4,12267
2019,"Missing",1,1,173427
2019,"Missing",1,2,22572
2019,"Missing",1,3,8156
2019,"Missing",1,4,20243
2019,"Missing",2,1,130030
2019,"Missing",2,2,27603
2019,"Missing",2,3,11756
2019,"Missing",2,4,32496
2019,"Trauma/Stress-related Disorder",1,1,200649
2019,"Trauma/Stress-related Disorder",1,2,19161
2019,"Trauma/Stress-related Disorder",1,3,5346
2019,"Trauma/Stress-related Disorder",1,4,12830
2019,"Trauma/Stress-related Disorder",2,1,228744
2019,"Trauma/Stress-related Disorder",2,2,30441
2019,"Trauma/Stress-related Disorder",2,3,12648
2019,"Trauma/Stress-related Disorder",2,4,31719
2019,"Anxiety Disorder",1,1,109859
2019,"Anxiety Disorder",1,2,15231
2019,"Anxiety Disorder",1,3,3231
2019,"Anxiety Disorder",1,4,10292
2019,"Anxiety Disorder",2,1,143031
2019,"Anxiety Disorder",2,2,28786
2019,"Anxiety Disorder",2,3,9431
2019,"Anxiety Disorder",2,4,27943
2019,"ADHD",1,1,219382
2019,"ADHD",1,2,1956
2019,"ADHD",1,3,361
2019,"ADHD",1,4,996
2019,"ADHD",2,1,85262
2019,"ADHD",2,2,1904
2019,"ADHD",2,3,670
2019,"ADHD",2,4,1760
2019,"Conduct Disorder",1,1,40622
2019,"Conduct Disorder",1,2,388
2019,"Conduct Disorder",1,3,104
2019,"Conduct Disorder",1,4,214
2019,"Conduct Disorder",2,1,16222
2019,"Conduct Disorder",2,2,102
2019,"Conduct Disorder",2,3,26
2019,"Conduct Disorder",2,4,90
2019,"Delirium/Dementia",1,1,2694
2019,"Delirium/Dementia",1,2,1163
2019,"Delirium/Dementia",1,3,165
2019,"Delirium/Dementia",1,4,1091
2019,"Delirium/Dementia",2,1,1701
2019,"Delirium/Dementia",2,2,873
2019,"Delirium/Dementia",2,3,168
2019,"Delirium/Dementia",2,4,2331
2019,"Bipolar Disorder",1,1,100639
2019,"Bipolar Disorder",1,2,20347
2019,"Bipolar Disorder",1,3,7733
2019,"Bipolar Disorder",1,4,24169
2019,"Bipolar Disorder",2,1,120522
2019,"Bipolar Disorder",2,2,36695
2019,"Bipolar Disorder",2,3,19152
2019,"Bipolar Disorder",2,4,57160
2019,"Depressive Disorder",1,1,224106
2019,"Depressive Disorder",1,2,45047
2019,"Depressive Disorder",1,3,15493
2019,"Depressive Disorder",1,4,45377
2019,"Depressive Disorder",2,1,320350
2019,"Depressive Disorder",2,2,82756
2019,"Depressive Disorder",2,3,35686
2019,"Depressive Disorder",2,4,107071
2019,"Oppositional Defiant Disorder",1,1,51047
2019,"Oppositional Defiant Disorder",1,2,57
2019,"Oppositional Defiant Disorder",1,3,31
2019,"Oppositional Defiant Disorder",1,4,20
2019,"Oppositional Defiant Disorder",2,1,25903
2019,"Oppositional Defiant Disorder",2,2,55
2019,"Oppositional Defiant Disorder",2,3,25
2019,"Oppositional Defiant Disorder",2,4,29
2019,"Pervasive Developmental Disorders",1,1,36245
2019,"Pervasive Developmental Disorders",1,2,85
2019,"Pervasive Developmental Disorders",1,3,12
2019,"Pervasive Developmental Disorders",1,4,83
2019,"Pervasive Developmental Disorders",2,1,9161
2019,"Pervasive Developmental Disorders",2,2,45
2019,"Pervasive Developmental Disorders",2,3,14
2019,"Pervasive Developmental Disorders",2,4,38
2019,"Personality Disorders",1,1,7691
2019,"Personality Disorders",1,2,1530
2019,"Personality Disorders",1,3,463
2019,"Personality Disorders",1,4,1301
2019,"Personality Disorders",2,1,6862
2019,"Personality Disorders",2,2,1874
2019,"Personality Disorders",2,3,896
2019,"Personality Disorders",2,4,2561
2019,"Schizophrenia or other Psychotic Disorders",1,1,200866
2019,"Schizophrenia or other Psychotic Disorders",1,2,15660
2019,"Schizophrenia or other Psychotic Disorders",1,3,8235
2019,"Schizophrenia or other Psychotic Disorders",1,4,26468
2019,"Schizophrenia or other Psychotic Disorders",2,1,88057
2019,"Schizophrenia or other Psychotic Disorders",2,2,16939
2019,"Schizophrenia or other Psychotic Disorders",2,3,9467
2019,"Schizophrenia or other Psychotic Disorders",2,4,35874
2019,"Alcohol/Substance Use Disorders",1,1,29964
2019,"Alcohol/Substance Use Disorders",1,2,9164
2019,"Alcohol/Substance Use Disorders",1,3,2746
2019,"Alcohol/Substance Use Disorders",1,4,7390
2019,"Alcohol/Substance Use Disorders",2,1,16280
2019,"Alcohol/Substance Use Disorders",2,2,5487
2019,"Alcohol/Substance Use Disorders",2,3,2731
2019,"Alcohol/Substance Use Disorders",2,4,6266
2019,"Other Disorder/Condition",1,1,140233
2019,"Other Disorder/Condition",1,2,10879
2019,"Other Disorder/Condition",1,3,3010
2019,"Other Disorder/Condition",1,4,8519
2019,"Other Disorder/Condition",2,1,105594
2019,"Other Disorder/Condition",2,2,12742
2019,"Other Disorder/Condition",2,3,4565
2019,"Other Disorder/Condition",2,4,13983
2020,"Missing",1,1,202268
2020,"Missing",1,2,24293
2020,"Missing",1,3,8905
2020,"Missing",1,4,22497
2020,"Missing",2,1,148796
2020,"Missing",2,2,28751
2020,"Missing",2,3,11882
2020,"Missing",2,4,34076
2020,"Trauma/Stress-related Disorder",1,1,208527
2020,"Trauma/Stress-related Disorder",1,2,19327
2020,"Trauma/Stress-related Disorder",1,3,5356
2020,"Trauma/Stress-related Disorder",1,4,12950
2020,"Trauma/Stress-related Disorder",2,1,238738
2020,"Trauma/Stress-related Disorder",2,2,30250
2020,"Trauma/Stress-related Disorder",2,3,12727
2020,"Trauma/Stress-related Disorder",2,4,31136
2020,"Anxiety Disorder",1,1,113647
2020,"Anxiety Disorder",1,2,15466
2020,"Anxiety Disorder",1,3,3358
2020,"Anxiety Disorder",1,4,10433
2020,"Anxiety Disorder",2,1,154216
2020,"Anxiety Disorder",2,2,29307
2020,"Anxiety Disorder",2,3,9669
2020,"Anxiety Disorder",2,4,27506
2020,"ADHD",1,1,223324
2020,"ADHD",1,2,1942
2020,"ADHD",1,3,365
2020,"ADHD",1,4,982
2020,"ADHD",2,1,85458
2020,"ADHD",2,2,1946
2020,"ADHD",2,3,709
2020,"ADHD",2,4,1795
2020,"Conduct Disorder",1,1,39043
2020,"Conduct Disorder",1,2,352
2020,"Conduct Disorder",1,3,84
2020,"Conduct Disorder",1,4,184
2020,"Conduct Disorder",2,1,15496
2020,"Conduct Disorder",2,2,94
2020,"Conduct Disorder",2,3,28
2020,"Conduct Disorder",2,4,69
2020,"Delirium/Dementia",1,1,2887
2020,"Delirium/Dementia",1,2,1257
2020,"Delirium/Dementia",1,3,161
2020,"Delirium/Dementia",1,4,1059
2020,"Delirium/Dementia",2,1,2286
2020,"Delirium/Dementia",2,2,985
2020,"Delirium/Dementia",2,3,167
2020,"Delirium/Dementia",2,4,2400
2020,"Bipolar Disorder",1,1,102068
2020,"Bipolar Disorder",1,2,20429
2020,"Bipolar Disorder",1,3,7698
2020,"Bipolar Disorder",1,4,23488
2020,"Bipolar Disorder",2,1,122235
2020,"Bipolar Disorder",2,2,37628
2020,"Bipolar Disorder",2,3,19481
2020,"Bipolar Disorder",2,4,56873
2020,"Depressive Disorder",1,1,219881
2020,"Depressive Disorder",1,2,44318
2020,"Depressive Disorder",1,3,15375
2020,"Depressive Disorder",1,4,43540
2020,"Depressive Disorder",2,1,320822
2020,"Depressive Disorder",2,2,81598
2020,"Depressive Disorder",2,3,35507
2020,"Depressive Disorder",2,4,103958
2020,"Oppositional Defiant Disorder",1,1,47452
2020,"Oppositional Defiant Disorder",1,2,53
2020,"Oppositional Defiant Disorder",1,3,20
2020,"Oppositional Defiant Disorder",1,4,24
2020,"Oppositional Defiant Disorder",2,1,23569
2020,"Oppositional Defiant Disorder",2,2,49
2020,"Oppositional Defiant Disorder",2,3,14
2020,"Oppositional Defiant Disorder",2,4,33
2020,"Pervasive Developmental Disorders",1,1,43612
2020,"Pervasive Developmental Disorders",1,2,92
2020,"Pervasive Developmental Disorders",1,3,15
2020,"Pervasive Developmental Disorders",1,4,98
2020,"Pervasive Developmental Disorders",2,1,11178
2020,"Pervasive Developmental Disorders",2,2,50
2020,"Pervasive Developmental Disorders",2,3,8
2020,"Pervasive Developmental Disorders",2,4,55
2020,"Personality Disorders",1,1,7743
2020,"Personality Disorders",1,2,1470
2020,"Personality Disorders",1,3,469
2020,"Personality Disorders",1,4,1208
2020,"Personality Disorders",2,1,7403
2020,"Personality Disorders",2,2,1935
2020,"Personality Disorders",2,3,890
2020,"Personality Disorders",2,4,2640
2020,"Schizophrenia or other Psychotic Disorders",1,1,216259
2020,"Schizophrenia or other Psychotic Disorders",1,2,16498
2020,"Schizophrenia or other Psychotic Disorders",1,3,8605
2020,"Schizophrenia or other Psychotic Disorders",1,4,26594
2020,"Schizophrenia or other Psychotic Disorders",2,1,96119
2020,"Schizophrenia or other Psychotic Disorders",2,2,17822
2020,"Schizophrenia or other Psychotic Disorders",2,3,10121
2020,"Schizophrenia or other Psychotic Disorders",2,4,35809
2020,"Alcohol/Substance Use Disorders",1,1,41271
2020,"Alcohol/Substance Use Disorders",1,2,9320
2020,"Alcohol/Substance Use Disorders",1,3,2781
2020,"Alcohol/Substance Use Disorders",1,4,7134
2020,"Alcohol/Substance Use Disorders",2,1,24352
2020,"Alcohol/Substance Use Disorders",2,2,5853
2020,"Alcohol/Substance Use Disorders",2,3,2767
2020,"Alcohol/Substance Use Disorders",2,4,6173
2020,"Other Disorder/Condition",1,1,153096
2020,"Other Disorder/Condition",1,2,10929
2020,"Other Disorder/Condition",1,3,3025
2020,"Other Disorder/Condition",1,4,8421
2020,"Other Disorder/Condition",2,1,111891
2020,"Other Disorder/Condition",2,2,12616
2020,"Other Disorder/Condition",2,3,4406
2020,"Other Disorder/Condition",2,4,13321
2021,"Missing",1,1,170494
2021,"Missing",1,2,20557
2021,"Missing",1,3,7511
2021,"Missing",1,4,18165
2021,"Missing",2,1,132011
2021,"Missing",2,2,24372
2021,"Missing",2,3,9941
2021,"Missing",2,4,26849
2021,"Trauma/Stress-related Disorder",1,1,186928
2021,"Trauma/Stress-related Disorder",1,2,17663
2021,"Trauma/Stress-related Disorder",1,3,4866
2021,"Trauma/Stress-related Disorder",1,4,11712
2021,"Trauma/Stress-related Disorder",2,1,230036
2021,"Trauma/Stress-related Disorder",2,2,29882
2021,"Trauma/Stress-related Disorder",2,3,12150
2021,"Trauma/Stress-related Disorder",2,4,30543
2021,"Anxiety Disorder",1,1,113105
2021,"Anxiety Disorder",1,2,15225
2021,"Anxiety Disorder",1,3,3288
2021,"Anxiety Disorder",1,4,9936
2021,"Anxiety Disorder",2,1,164450
2021,"Anxiety Disorder",2,2,30075
2021,"Anxiety Disorder",2,3,9524
2021,"Anxiety Disorder",2,4,27390
2021,"ADHD",1,1,190222
2021,"ADHD",1,2,2013
2021,"ADHD",1,3,416
2021,"ADHD",1,4,1016
2021,"ADHD",2,1,77167
2021,"ADHD",2,2,2021
2021,"ADHD",2,3,709
2021,"ADHD",2,4,1751
2021,"Conduct Disorder",1,1,30823
2021,"Conduct Disorder",1,2,279
2021,"Conduct Disorder",1,3,74
2021,"Conduct Disorder",1,4,139
2021,"Conduct Disorder",2,1,12665
2021,"Conduct Disorder",2,2,77
2021,"Conduct Disorder",2,3,19
2021,"Conduct Disorder",2,4,61
2021,"Delirium/Dementia",1,1,2552
2021,"Delirium/Dementia",1,2,1205
2021,"Delirium/Dementia",1,3,143
2021,"Delirium/Dementia",1,4,916
2021,"Delirium/Dementia",2,1,2110
2021,"Delirium/Dementia",2,2,957
2021,"Delirium/Dementia",2,3,140
2021,"Delirium/Dementia",2,4,2127
2021,"Bipolar Disorder",1,1,97762
2021,"Bipolar Disorder",1,2,19060
2021,"Bipolar Disorder",1,3,7139
2021,"Bipolar Disorder",1,4,21812
2021,"Bipolar Disorder",2,1,121123
2021,"Bipolar Disorder",2,2,35376
2021,"Bipolar Disorder",2,3,18071
2021,"Bipolar Disorder",2,4,53268
2021,"Depressive Disorder",1,1,210830
2021,"Depressive Disorder",1,2,41031
2021,"Depressive Disorder",1,3,13935
2021,"Depressive Disorder",1,4,39903
2021,"Depressive Disorder",2,1,326504
2021,"Depressive Disorder",2,2,76332
2021,"Depressive Disorder",2,3,32712
2021,"Depressive Disorder",2,4,95781
2021,"Oppositional Defiant Disorder",1,1,37254
2021,"Oppositional Defiant Disorder",1,2,57
2021,"Oppositional Defiant Disorder",1,3,26
2021,"Oppositional Defiant Disorder",1,4,28
2021,"Oppositional Defiant Disorder",2,1,18934
2021,"Oppositional Defiant Disorder",2,2,42
2021,"Oppositional Defiant Disorder",2,3,18
2021,"Oppositional Defiant Disorder",2,4,32
2021,"Pervasive Developmental Disorders",1,1,41788
2021,"Pervasive Developmental Disorders",1,2,90
2021,"Pervasive Developmental Disorders",1,3,17
2021,"Pervasive Developmental Disorders",1,4,97
2021,"Pervasive Developmental Disorders",2,1,11067
2021,"Pervasive Developmental Disorders",2,2,55
2021,"Pervasive Developmental Disorders",2,3,10
2021,"Pervasive Developmental Disorders",2,4,42
2021,"Personality Disorders",1,1,7059
2021,"Personality Disorders",1,2,1358
2021,"Personality Disorders",1,3,405
2021,"Personality Disorders",1,4,1131
2021,"Personality Disorders",2,1,8700
2021,"Personality Disorders",2,2,2140
2021,"Personality Disorders",2,3,935
2021,"Personality Disorders",2,4,2945
2021,"Schizophrenia or other Psychotic Disorders",1,1,207650
2021,"Schizophrenia or other Psychotic Disorders",1,2,15129
2021,"Schizophrenia or other Psychotic Disorders",1,3,8005
2021,"Schizophrenia or other Psychotic Disorders",1,4,24727
2021,"Schizophrenia or other Psychotic Disorders",2,1,93666
2021,"Schizophrenia or other Psychotic Disorders",2,2,16650
2021,"Schizophrenia or other Psychotic Disorders",2,3,9442
2021,"Schizophrenia or other Psychotic Disorders",2,4,33884
2021,"Alcohol/Substance Use Disorders",1,1,41984
2021,"Alcohol/Substance Use Disorders",1,2,9183
2021,"Alcohol/Substance Use Disorders",1,3,2706
2021,"Alcohol/Substance Use Disorders",1,4,7047
2021,"Alcohol/Substance Use Disorders",2,1,24644
2021,"Alcohol/Substance Use Disorders",2,2,5566
2021,"Alcohol/Substance Use Disorders",2,3,2584
2021,"Alcohol/Substance Use Disorders",2,4,5771
2021,"Other Disorder/Condition",1,1,142665
2021,"Other Disorder/Condition",1,2,9602
2021,"Other Disorder/Condition",1,3,2712
2021,"Other Disorder/Condition",1,4,7331
2021,"Other Disorder/Condition",2,1,108138
2021,"Other Disorder/Condition",2,2,11645
2021,"Other Disorder/Condition",2,3,3880
2021,"Other Disorder/Condition",2,4,11826
